word,polarity
ಚಾಂಪಿಯನ್,1
ಏದುಸಿರು,0
ಆಘಾತಕಾರಿ,0
ನಯನ,1
right,1
ಉನ್ನತ,1
ಸಾಹಸದ,1
ನಿಜವಾಗಿ,1
ಮೂಲಭೂತ,0
ಸಮೃದ್ಧವಾಗಿ,1
ಉಗ್ರವಾದಿ,0
ಸಮಷ್ಟಿ,0
ರೂಪಿಸಲಾದ,0
ಸಂಪ್ರದಾಯಬದ್ಧವಲ್ಲದ,0
ಏಕಾಂತ,0
ಉತ್ಸಾಹಭರಿತ,0
ನೆಲ,1
ಗಾಯಗಳು,0
ಅವಿಶ್ವಾಸ,0
ಬೆರಗು,1
wonderful,1
ವಿಮರ್ಶಕ,0
ಉಪದ್ರವವನ್ನು,0
ಲಾಭ,1
ತಿರಸ್ಕರಿಸಲು,0
ಸ್ಟಾರ್ಕ್,0
ಶಿಫಾರಸು,1
ಎಲ್ಲರಲ್ಲಿಯೂ,0
ಆಹ್ಲಾದಕರ,1
ಪುರಾಣ,0
revert,0
ಮಾನ್ಯತೆಗೆ,1
ಬೆದರಿಕೆ,0
ನಟಿಸುವ,0
ಜಾಣತನದಿಂದ,1
ಹೆಚ್ಚಿನ,0
ಬುಗ್ಗೆ,1
ಪ್ರಚಾರ,0
ಬ೦ದರು,0
ದೂರು,0
ನಾಯಕಿ,1
ಸುಲಭವಾದ,1
ಪುನರಾವರ್ತಿತ,0
ಸ್ಥಿತಿಯಲ್ಲಿರುವ,0
ಏರಿದ್ದು,0
ಕಡ್ಡಾಯ,0
ಪ್ರಿಯತಮ,1
ಶೋಷಣೆ,0
conflicts,0
ನಿಧಾನವಾಗಿ,0
ತಡೆಯಾಗಿ,0
ಸಂಬಂಧಿಸಿದಂತೆ,1
ಮುರಿದು,0
ಘನ,1
ಪ್ರಾಮಾಣಿಕತೆ,1
ಪ್ರಣಯ,1
ಅಸಹಾಯಕತೆ,0
famous,1
ಪ್ರಯಾಸ,0
ಉಬ್ಬುಗಳು,0
ಕಳೆ,0
ಕುಸಿಯಲು,0
ಪತನ,0
ಖಂಡನೆ,0
ನಿರಾಸೆ,0
ಕಳವಳ,0
ಫನ್ನಿ,0
ತಂಡದ,0
ತಿರಸ್ಕರಿಸಿದಳು,0
ದಾಳಿ,0
ನಿರಾಕರಿಸುವ,0
ನಿಧಾನವಾದ,0
ಗ್ಲಿಚ್,0
ಮುನಿಸು,0
ಪುನಃಸ್ಥಾಪಿಸಲು,1
ನಮ್ರತೆ,1
ಉಜ್ವಲ,0
ಆತ್ಮಸಾಕ್ಷಿಯ,1
ದಿಣ್ಣೆ,1
ತಬ್ಬಲಿ,0
ಹಾಕು,0
ಅನಾಯಾಸವಾಗಿ,1
ಆದ್ಯತೆ,1
ಕೆಟ್ಟ,0
ಆಕರ್ಷಕವಾಗಿ,1
ಬಳಿ,0
ಈಡಾದ,0
ಅಡ್ಡಿಪಡಿಸುತ್ತದೆ,0
ಅನುಮಾನಗಳನ್ನು,0
ಕಹಿಯಾದ,0
ಶೂರ,1
ನಿರುದ್ಯೋಗದ,0
ಸುಖ,1
ಅಗಾಧವಾಗಿ,0
ಸಾಧಾರಣ,1
ಹೂವು,1
ಸರಿಪಡಿಸಲಾಗದ,0
ಶಿಥಿಲವಾದ,0
ದಪ್ಪಗಿನ,0
ಸುಧಾರಿಸಲು,1
ಜಗಳ,0
ಡಿಕ್,0
ಅರ್ಹತೆ,1
ಅಸಹ್ಯಕರ,0
ಬಿಕ್ಕಟ್ಟಿನ,0
dead,0
ಲೈಂಗಿಕ,1
ಮುಂಭಾಗದ,1
ಪಿಶಾಚಿ,0
ಬಿಡಬಹುದು,0
ಶ್ರಮ,0
ಸಾಕಷ್ಟು,1
ದುಡುಕಿನ,0
ಮರಿಗಳು,0
ಪ್ರಶ್ನಾರ್ಹ,0
ಕಲ್ಪಿತ,1
ತಿರಸ್ಕರಿಸುತ್ತಾನೆ,0
ವಿಮರ್ಶೆ,0
ಆಹಾರ,1
ದಬ್ಬಾಳಿಕೆಯಿಂದ,0
ಅನುಮಾನಾಸ್ಪದವಾಗಿ,0
ದೃಢ,0
ಮಿತಿಯಿಲ್ಲದ,1
ವಿಶ್ವಾಸಾರ್ಹ,1
ಅಡ್ಡಿಯಾಯಿತು,0
hoax,0
ವಾದವನ್ನು,0
ಕಲ್ಪನಾತ್ಮಕ,1
ಆಹ್ಲಾದಕರವಾದ,1
ಗಳಿಸಿತು,1
ಸಾಧಕ,1
ಸರ್ವಾಧಿಕಾರಿ,0
ಸತ್ಕಾರ,1
ನಿಕಟ,1
ಅನೈತಿಕ,0
ಅಕ್ರಮವಾಗಿ,0
ಪರಿಹಾರಕ,1
ವಿಳಂಬಗಳು,0
ರಕ್ಷಣಾತ್ಮಕ,0
ಅವಸರದ,0
ಜಾಹಿರಾತು,1
ಬೆಲೆಯುಳ್ಳ,1
ಅವನತಿಗೆ,0
ತಡೆಯುವ,0
ಬೆಚ್ಚಗೆ,1
ವಿದಳನ,0
ನಿರ್ಬಂಧಿಸಲು,0
ಪೆಟ್ಟು,1
ಸ೦ಪೂರ್ಣ,1
ನಗು,1
ಅವಸರ,0
ಹರಿಸುತ್ತವೆ,0
ಅದ್ಬುತ,1
ಉರಿಯುತ್ತಿರುವ,1
ನಂಬುವಂತೆ,1
ಹೆಸರಾಗಿದೆ,0
ಕ್ರಾಂತಿಕಾರಕ,1
ಸುಲಿದ,0
ಅಲೆಮಾರಿ,0
ಬೆಡಗು,1
ಸಂಕ್ಷಿಪ್ತ,1
ಅಪಹಾಸ್ಯ,0
ಸಾಂತ್ವನ,1
ಪಾರ್ಶ್ವವಾಯು,0
ಅನಿರ್ದಿಷ್ಟ,0
ಪ್ರವಾಹ,1
ದೊರಕುವ,1
ಬೊಬ್ಬೆ,0
ಪ್ರತಿಭಾವಂತ,1
ಪವಾಡ,1
ಮನಸ್ಥಿತಿ,1
ಪರಿಣತಿಯನ್ನು,1
ಸಿದ್ಧ,1
ರಚನಾತ್ಮಕ,1
ಅನಾಥ,0
ಸಾಮಾಜಿಕ,1
ಸ್ವಾಗತ,1
ಗಡಿಪಾರು,0
ನರಕದ,0
works,1
ಶತ್ರು,0
ಪ್ರತಿಭೆಯನ್ನು,1
ಮುನ್ನಡೆ,1
ಬದಲಾಯಿಸುವ,0
ಹಾನಿಕರ,0
peace,1
capable,1
ನಿಖರವಲ್ಲದ,0
ಭಾರಿ,1
ಭಯಾನಕ,0
ಆರೋಗ್ಯಕರ,1
ಉರಿ,0
ಜಡ,0
ಅಗ್ಗವಾದ,1
ಲಾಭಾಂಶವನ್ನು,1
object,0
ತಡೆಯಲು,0
ನಿರಾಕಾರ,0
ರಾಜತಾಂತ್ರಿಕ,1
terror,0
ಗಟ್ಟಿ,1
ಭೂತ,0
ಖಂಡಿಸಿತು,0
ಟೊಳ್ಳಾದ,0
loss,0
ಸಾಂದ್ರ,1
ಡಿಸೈರ್,0
ಒತ್ತೆಯಾಳು,0
ಖಚಿತ,1
ತಿಕ್ಕಾಟದ,0
ಹುಚ್ಚ,0
ಉತ್ಕಟ,0
ತಂತ್ರ,0
ಇಷ್ಟಪಡಲಿಲ್ಲ,0
ತಾರತಮ್ಯ,0
ಮಂತ್ರ,1
ಸೆರೆಯಾಳುಗಳು,1
ಮೆಸ್,0
ಸಿಡಿಗುಂಡು,0
ಒದ್ದೆಯಾದ,0
ಮನಃಪೂರ್ವಕವಾಗಿ,1
ಕಹಳೆ,1
ಉಲ್ಲಾಸದ,1
ಕರಾಳ,0
ಸಾಧನವಾದ,0
ಭ್ರಮೆ,0
ಲಂಪಟ,0
ಸುಭದ್ರತೆ,1
ನಿಷ್ಠುರವಾಗಿ,0
ಪಾಪಿ,0
ಅನುಪಸ್ಥಿತಿ,0
ಗಾಬರಿ,0
ನ್ಯೂನತೆಗಳು,0
opposition,0
ದುಃಖಿತ,0
ವಿಶಾಲವಾಗಿ,1
ಗಡೀಪಾರು,0
ವಂಚನೆಯ,0
ಹಾನಿಕಾರಕ,0
ಕನ್ಯೆ,0
ಪವಾಡದ,1
ನಿಷ್ಠಾವಂತ,1
ಒಲವು,1
ಪವಿತ್ರವಾದ,1
ನಿಜವಾದ,1
false,0
ಕಾಯಿಲೆಯ,0
ಬಿಟ್ಟುಬಿಡುವುದು,0
ಅಲರ್ಜಿಗಳು,0
ಲೂಟಿ,0
ಅಡಚಣೆ,0
ಇಷ್ಟವಾಯಿತು,1
ಕಷ್ಟಗಳನ್ನು,0
ಹೆಸರಾಂತ,1
ತಗ್ಗು,0
ಗಣ್ಯರು,1
ವಿನಯ,1
ಏರಿಸುವುದು,1
ಬಡವ,0
ವರ್ಧಿತ,1
ಸೋಲು,1
ಸಮಗ್ರ,0
ಉರಿತ,0
ತಪ್ಪಾದ,0
ಯಶಸ್ವಿ,1
ಹಾಳುಮಾಡುತ್ತದೆ,0
ಒಳಸಂಚಿನ,0
ಸುಲಭ,1
ಶಕ್ತಿಗುಂದಿಸುವ,0
problem,0
ದಾರಿ,1
ಕೆಟ್ಟದಾದ,0
ಧೂಮ,0
ಚತುರ,1
ನಿಷ್ಫಲ,0
ಒಡತಿ,0
ಪ್ರದರ್ಶನಾತ್ಮಕ,1
ನಿರ್ಲಕ್ಷ್ಯ,0
ಗೀರು,0
ಕೊಳಕು,0
ಕಲ್ಪಿಸುವ,1
ಕೊಡು,1
ಮಾನ್ಯತೆ,1
ಅಸಾಧ್ಯವಾಗಿ,0
ಸು೦ದರ,1
ಹಾರ್ಡಿ,1
ಒಲ್ಲದ,0
ಅಳತೆಮೀರಿದ,0
ಶಾಶ್ವತ,1
ಆಶ್ಚರ್ಯ,1
ತೃಪ್ತಿ,1
ಅನುಚಿತವಾಗಿ,0
ಜಿಜ್ಞಾಸೆ,1
ಅಪೂರ್ಣ,0
clearly,1
ಮಾಟ,1
ಮಮತೆ,1
ಟಾಪ್ಸ್,1
ಪ್ರತಿಪಾದಿಸಿದರು,1
ಕ್ರಾಂತಿ,0
ಅಲಭ್ಯ,0
damage,0
clean,1
ಭಾವಚಿತ್ರ,0
ಗುಣ,0
ವಿಪತ್ತುಗಳ,0
attack,0
ಅದ್ಭುತಗಳನ್ನು,1
ಕೊಡಲಿ,0
ಅಸಮರ್ಪಕ,0
ಮೊಂಡ,0
ಬೇನೆ,0
ಪೂರಕವಾಗಿದೆ,1
ಪ್ರತಿಭೆಯುಳ್ಳ,0
ಮುಳುಗು,0
ನಿಗ್ರಹಿಸಲು,0
ಸ್ಪಷ್ಟತೆ,1
ಅಪಮಾನ,0
ಬೆಲೆಬಾಳುವ,1
ಎದುರಾಳಿಯ,0
ಉಚ್ಚಾಟನೆ,0
ದಣಿವು,0
improper,0
ಪ್ರತಿಭಟನೆ,0
ವಾಸನೆಯ,0
ಸ್ವತಂತ್ರವಾಗಿ,1
ನ್ಯಾಯಸಮ್ಮತವಾಗಿ,1
failed,0
ಸತ್ಯವಾಗಿ,1
ಫಕ್,0
ಬಂದೀಖಾನೆ,0
suicide,0
ಅದ್ಭುತವಾಗಿ,1
ಪ್ರಗತಿಪರ,1
soft,1
ವ್ಯಂಗ್ಯಚಿತ್ರ,0
ಸಾಧನೆ,1
ಜನಾಂಗ,0
ಗಲಾಟೆ,0
ಆಕರ್ಷಿಸುತ್ತದೆ,1
ಗವಿ,0
ಪ್ರತಿಭಟಿಸುವ,0
ಸಾಲ,0
ನಿರ್ಲಿಪ್ತ,0
ಸೋಮಾರಿ,0
ವಿಚಿತ್ರವಾಗಿ,0
ಸಮಂಜಸವಾಗಿ,1
ಶೌರ್ಯ,1
ಹುಡಿ,0
ಮೂಕ,0
clear,1
ಉತ್ತಮವಾಗಿ,1
ರಕ್ಷಕ,1
ಅಮಾನುಷ,0
ಕೌತುಕ,1
ಅನುಸರಣೆ,1
ದುರಾಚಾರದ,0
ಕಾಡಿನ,0
warning,0
ಕುಗ್ಗಿಸುತ್ತವೆ,0
ಬರಿದು,0
ಕುಖ್ಯಾತಿ,0
ಶಿಫಾರಸುಗಳನ್ನು,1
ಆಸಕ್ತಿ,0
ಅನ್ಯ,0
ಸಂದಿಗ್ಧತೆ,0
ನಿರ್ದಯ,0
ಅನುಕೂಲವಾದ,1
ಸುಂದರ,1
ಬಿಗಿತ,0
ರೂ,0
ವಿಸ್ಮಯ,1
ನಾಜೂಕಾದ,1
ಆನಂದ,1
ಅದ್ಭುತವಾದ,1
ಮುನ್ಸೂಚನೆ,0
ಸರಿಯಾದ,1
ತಕರಾರು,0
ನೆಗಡಿ,0
ಆಪತ್ತಿನ,0
ಬೆಂಬಲ,1
ಭವ್ಯ,1
ಪರಿಪೂರ್ಣ,1
ವಿರಾಮ,0
ಅಂತಹ,1
ಮೆತ್ತೆ,1
ಅದಕ್ಷ,0
ಸೌಕರ್ಯ,1
ವಿರಾಮಗಳನ್ನು,0
ಕೆಳಗಣ,0
ಕಂಪು,1
ಸ್ಥಿರತೆ,1
ನ್ಯೂನತೆಗಳನ್ನು,0
ಗುದ್ದು,0
ದುಃಖದಿಂದ,0
ಸಾಂಗತ್ಯ,1
ಹೊಸದಾದ,1
ಅಭಿನಂದನೆಗಳು,1
ಹಿತ,1
ಸೂಳೆ,0
ಘನತೆ,1
ಕ್ರಿಮಿನಲ್,0
ಅಂತಃಕಲಹ,0
ಒಪ್ಪುವ,1
ಸುಧಾರಣೆಗಳು,1
ಔದಾರ್ಯ,1
nonexistent,0
ಚಿಂದಿ,0
ಉದಾರ,1
ಕಳೆದು,0
ವಿವಿಧತೆ,1
ಬರಿದಾದ,0
ಎದುರಿಗೆ,0
ವಿಶೇಷವಾಗಿ,1
ಸಾಧ್ಯವಾಗುವುದಿಲ್ಲ,0
ಕ್ಷಮೆ,1
ಅಸಂಭವ,0
ಉತ್ಸಾಹ,1
ನಿಲ್ಲಿಸಲಾಯಿತು,0
ಹಂದಿ,0
ಇನಾಮು,1
ಸಿಕ್ಕು,0
ಈಡಾಗುತ್ತವೆ,0
ಸುರಕ್ಷಿತವಾದ,1
ಕಲ್ಪನೆ,0
ಮಹತ್ವವುಳ್ಳ,1
ಇಲ್ಲದ,0
ಮುಖಾಮುಖಿಯ,0
ಫಲವತ್ತಾದ,1
ಮಾಡುವೆ,1
ಚರ್ಮವು,0
ಮೂಢನಂಬಿಕೆ,0
bad,0
ಭ್ರಮೆಯ,0
ಬಲಿತ,1
ವಿಮರ್ಶಾತ್ಮಕ,0
ಸವಿ,1
ಪರಿಶ್ರಮ,1
ತಾರುಣ್ಯದ,1
ಅನಿವಾರ್ಯ,0
ಆತ್ಮಹತ್ಯೆ,0
ಗಂಡುಗಲಿ,1
ಭಯ,0
ಪಾಂಡಿತ್ಯ,1
slow,0
ಏಕಾಂಗಿತನ,0
ಹೆಮ್ಮೆ,1
ಧನ್ಯವಾದ,1
ತುಕ್ಕು,0
ಕೋಪ,0
ಜಯ,1
ದೋಷ,0
ಟಾಕಿ,0
poor,0
ದಂಗೆ,0
ಬಿಡುಗಡೆ,1
ಪ್ರಬಲ,1
ದಾಸ,0
ಅವ್ಯವಸ್ಥಿತವಾಗಿ,0
ಚರ್ಮ,0
ಅತಿಮುಖ್ಯ,1
ನಿರಾಶೆಯ,0
ಉತ್ತೇಜಕ,1
ನೆಪ,0
ಮುದ್ದು,1
ಬಲಶಾಲಿಯಾದ,1
ಉಬ್ಬಿದ,0
ನಿಚ್ಚಳ,1
ಯಶಸ್ವಿಯಾದರು,1
ಒಂಟಿತನ,0
ವಿರೋಧಿಸುವುದು,0
ಅರ್ಥಗರ್ಭಿತವಾದ,1
ದುರುಪಯೋಗ,0
risk,0
hard,0
ಹಗೆತನ,0
ತಪ್ಪು,0
ಮೃದುವಾದ,1
ದುಷ್ಕೃತ್ಯಗಳ,0
ಪ್ರೀತಿ,1
ಸ್ವರ್ಗ,1
correct,1
ಆದರ್ಶ,1
ಚಿಕ್ಕದಾದ,0
prompt,1
falls,0
unknown,0
ಜವಾಬ್ದಾರಿಯುತವಾಗಿ,1
ಬೆಟ್,0
ಅಪಾಯಕಾರಿ,0
ಪಾಪ,0
ಇಷ್ಟವಿಲ್ಲದ,0
ನಿವಾರಣೆ,0
ಸಭ್ಯ,1
speedy,1
ಗೊಬ್ಬರ,0
ಮೆಚ್ಚಿಗೆ,1
ಜಟಿಲ,1
ಮೆದುವಾದ,1
ಎತ್ತಿಹಿಡಿಯಿತು,1
ಬಳಸಬಲ್ಲ,1
ನಿಷ್ಕ್ರಿಯ,0
ಅಮೂಲ್ಯವಾದ,1
ವಿಫಲವಾದ,0
ನರ,0
ಸ್ಪಷ್ಟವಾಗಿ,1
ಪ್ರತಿಷ್ಟಿತ,1
ಒಳ್ಳೆಯತನ,1
ಪ್ರತಿಭೆ,1
ಪರಮ,1
ಬೆಂಬಲಿಸುತ್ತದೆ,1
ವಾಸ್ತವಿಕ,1
ನಿಷ್ಪಕ್ಷಪಾತ,1
ಕದಿಯುವ,0
ಅಸಂತುಷ್ಟ,0
ಹಿತ್ತಾಳೆಯ,0
ಮುಖ್ಯ,1
ಪ್ರಿಯವಾದ,1
death,0
best,1
ಹಕ್ಕು,1
ರೂಪವನ್ನು,0
ಒತ್ತಿ,0
ವಿವಾದಾತ್ಮಕ,0
ಶಕ್ತಿಯುತ,1
ಅಸ್ಥಿರತೆ,0
ಅಲೆದಾಡುವ,0
lack,0
ನಮಸ್ಕಾರ,1
ನಗುತ್ತಿರುವ,1
critical,0
ನೋವು,0
ವಾಂತಿ,0
ಅವ್ಯವಸ್ಥೆಯ,0
ಶಾಂತ,1
ಲಾವಣ್ಯ,1
ನಾಶಮಾಡುತ್ತದೆ,0
ಸ್ಪರ್ಧಾತ್ಮಕ,1
ಸುಂದರವಾಗಿ,1
ಕಾರಣವಾಯಿತು,1
ಉತ್ಸಾಹದಿಂದ,1
ನಿಧನದ,0
ಅತಿಸೂಕ್ಷ್ಮ,0
ಧೂಮಪಾನ,0
ಅಸಮರ್ಪಕವಾದ,0
leading,1
ಅನುಕೂಲಕರ,1
ಪರಿತ್ಯಾಗ,0
ವಿಸರ್ಜಿಸುವ,0
ಪ್ರಹಸನ,0
ಅನಧಿಕೃತ,0
ಪೂಜ್ಯ,1
ತಪ್ಪುಗ್ರಹಿಕೆಯ,0
ಪರಿಮಳಯುಕ್ತ,1
ಪ್ರಮುಖ,1
ವಿದೇಶೀಯ,0
ನಿರಾಶಾವಾದ,0
ಆಳವಲ್ಲದ,0
ಕಡು,0
ವಾದವಿವಾದ,0
ಧ್ವಂಸ,0
ಮನಸ್ಸಿಲ್ಲದ,0
ಅಪೂರ್ಣವಾದ,0
ಮಿತವ್ಯಯ,1
ತಜ್ಞತೆ,1
ಒತ್ತಿಹೇಳುವ,0
ಕೌಶಲದಿಂದ,1
ಬೆಳಗುವ,1
ನಿರ್ದಯವಾದ,0
ಆಕಸ್ಮಿಕ,0
ಅಸಂಗತ,0
ಸಾಹಸ,1
ದಾಸ್ಯ,0
ಅನುಭವವಿಲ್ಲದ,1
ಕ್ಯಾನ್ಸರ್,0
ಹುರುಪಿನಿಂದ,1
ಉಗ್ರವಾದ,0
ಇಕ್ಕಟ್ಟಾದ,0
ವಿರಮಿಸುವ,0
ಸಂಘಟನೆಯಿಂದ,1
ಗೌರವದಿಂದ,1
ಮಾದರಿ,1
ಇಷ್ಟವಿಲ್ಲದೆ,0
ಬಾಯಾರಿಕೆ,0
ಆರಾಮವಾಗಿ,1
ಸಾಧಿಸುತ್ತಾನೆ,1
ಒಡೆಯನ,0
doubt,0
ಬಾರಿ,0
ಸಮೃದ್ಧಿ,1
ಕಾರ್ಯಸಾಧ್ಯ,1
ಸರಿಯಾಗಿ,1
ರಿಯಾಯಿತಿ,0
ಕೆಲಸದ,1
ಪ್ರಾಮಾಣಿಕವಾಗಿ,1
ಅವನತಿ,0
ಮಿತವ್ಯಯದ,1
ವಿದ್ಯಾವಂತ,1
ಒಪ್ಪಬಹುದಾದ,1
ವಜ್ರ,1
ಹಿಂಸೆಯ,0
ಅಸ್ಥಿರವಾದ,0
ಆಕ್ರಮಣ,0
ಉಪಯುಕ್ತತೆ,1
ಅಪ್ಪಳಿಸಿತು,0
ನೂಕು,0
ದೃಢವಾದ,1
ಮನಸ್ಸಿಲ್ಲದೆ,0
ಮೇಧಾವಿ,1
ಸುರಕ್ಷಿತವಲ್ಲದ,0
ನಂಬಿಕೆ,1
complex,0
ಒಳಗಾಗುವ,0
ಬಹುಮುಖ,1
ಸ್ವಂತಿಕೆ,1
ಸಂಪತ್ತು,1
disabled,0
ಕಾಡುತ್ತಿದೆ,0
ಬೆಣೆ,0
ರುಚಿ,1
ಅಸಹನೆ,0
ಸಂಚು,0
ಪ್ರಕಾಶಕ,1
ಧನಾತ್ಮಕ,1
ಪ್ರತಿಗಾಮಿ,0
ಸಮಾಧಾನ,1
ಸಿಟ್ಟಿನಿಂದ,0
ಸುಂಕ,0
ನಂಜು,0
useful,1
ಶತ್ರುಗಳ,0
ನಿಂಬೆ,0
ದುರ್ಬಲ,0
ಅನುಕೂಲತೆ,1
ವಿಳಂಬ,0
ತುಂಬಿದ,0
ನರಕ,0
ವಿರಳವಾದ,0
ಬೂಟಾಟಿಕೆಯ,0
ಬಹಿರಂಗ,1
ಜಗಳಗಳು,0
ಅಸಾಧ್ಯ,0
ವಂಚನೆ,0
ಅನುದಾನ,1
ಫಲಭರಿತ,1
ವಿಮರ್ಶಕರು,0
ಮುತ್ತಿಗೆ,0
ಖಂಡಿಸಿದರು,0
ದಾಟಿದರೆ,1
ಸಂಪದ್ಭರಿತ,1
ಹಿರಿಮೆ,1
ಆಶಾದಾಯಕ,1
ಮಂದಗತಿಯ,0
ನ್ಯೂನತೆಯೆಂದರೆ,0
ಸೌಹಾರ್ದಯುತ,1
sufficient,1
ರಕ್ಷಣೆ,1
ಪ್ರಯತ್ನಿಸುವ,1
ಸಂಘರ್ಷದ,0
ಹಾಗೆ,1
ಆರಾಧ್ಯ,1
ಸ್ಥಿರವಾದ,1
ಯದ್ವಾತದ್ವಾ,0
benefit,1
gold,1
ತಮಾಷೆಯ,1
ಘರ್ಷಣೆಗಳು,0
ವಿಡಂಬನಾತ್ಮಕವಾಗಿ,0
ಆಧಾರ,1
ಅಸ್ಪಷ್ಟವಾಗಿದೆ,0
ನೋಯುತ್ತಿರುವ,0
ಅನುಮತಿ,1
ಕೂಗು,0
ಸ್ಥೂಲಕಾಯತೆ,0
ಮುಗ್ಧ,0
ನಶಿಸುವ,0
ಅನನುಕೂಲ,0
ಚಿಕ್,1
ಒಂದಲ್ಲ,1
ಶ್ರೇಷ್ಟ,1
ಪ್ರತಿಭಾಪೂರ್ಣ,1
ಸೌಮ್ಯ,1
ತತ್ವಗಳು,1
ಪರಿಶ್ರಮದ,0
ಕ್ಷಮಿಸಿ,0
ಸರಿ,1
ಅಳಲು,0
ಸ್ವಾಯತ್ತ,1
ಸಿಟ್ಟಿಗೆದ್ದ,0
ಧಾರೆ,0
ಪುನರ್ರಚಿಸಲಾಯಿತು,1
ದು,0
ಉತ್ಸವ,1
ವಂದನೆ,1
ಹೊಸತನ,1
ಕೊಲೆ,0
ಕಟ್,0
attacks,0
ಧರ್ಮನಿಷ್ಠ,1
ಅರಳು,1
ಪ್ರಸಿದ್ಧಿ,1
ತುದಿಗಳು,0
ಅನುಕೂಲಕ್ಕಾಗಿ,1
ಉನ್ಮಾದ,0
ಇಷ್ಟಪಡದ,0
ಅತಿಕ್ರಮ,0
ಯಶಸ್ವಿಯಾಗಿ,1
ಗೆಲುವಿನ,1
successful,1
ಮುರಿತ,0
ಮನಃಸ್ಥಿತಿ,1
ಶಂಕೆ,0
ವಿಷಾದಕರ,0
ಕಳಪೆ,0
ಸತ್ಯವಾದ,1
ಕುರುಡು,0
ತಪ್ಪಿತಸ್ಥ,0
ನಿರ್ವಿವಾದ,1
ಏಕತೆ,1
ಜಾಣ್ಮೆ,1
ಮಣಿಯದ,0
ನಿಖರವಾದ,1
ಪ್ರಕಾಶಮಾನವಾಗಿ,1
ಪ್ರಾಧಾನ್ಯತೆ,1
ರಕ್ತಪಾತ,0
ಹಸಿವು,0
ಅಸಮರ್ಥತೆ,0
ಹಿಮಪಾತ,0
ತಿರಸ್ಕರಿಸಿದರು,0
ಹೆಪ್ಪುಗಟ್ಟಿದ,0
ಸುಸಂಸ್ಕೃತ,1
ಸೊಬಗು,1
ದೃಢವಾಗಿ,1
ಅನ್ಯಾಯದ,0
ಆಕರ್ಷಕವಾದ,1
ಒಡೆಯುವಿಕೆ,0
ವಾಪಸು,0
ಬೂಮ್,1
ಭ್ರಾಮಕ,0
ಖ್ಯಾತ,1
ಜನಾಂಗಗಳು,0
ಸಹಕಾರದ,1
ಆಕ್ರಮಣಕಾರಿ,0
led,1
ಪೂರ್ತಿ,0
ಯಶಸ್ವಿಯಾದರೆ,1
proper,1
ಸಾಹಸಿ,1
ತುಂತುರು,0
ಸ್ವಚ್ಛತೆ,1
ಒಳಗಾಗುತ್ತದೆ,0
ಸಾಟಿಯಿಲ್ಲದ,1
ಸುಪ್ತ,0
ಎದುರಾಳಿ,0
ಘನವಾದ,1
ಹಿಮ್ಮೆಟ್ಟಿತು,0
ಸಾಗಿದರು,0
ಅಳು,0
ಅದ್ದೂರಿಯಾಗಿ,1
ಖಚಿತವಾಗಿಲ್ಲ,0
ಕಡೆಗಣಿಸುವ,0
ಸೂಕ್ಷ್ಮ,1
supports,1
ಅಚಲವಾದ,1
ಕೌಶಲ,1
ನಿರ್ದಯಿ,0
ಕಳವು,0
ವ್ಯಂಗ್ಯವಾಗಿ,0
ಬಹಳ,0
ಉಪದ್ರವ,0
ಬಿರುಸಿನ,0
ಹುಳಿ,0
ಬಾಗದ,0
ನಾರು,0
ಶಿಲ್ಪ,0
ಭರವಸೆಗಳನ್ನು,1
ನೆಮ್ಮದಿ,1
ತಾಳ್ಮೆ,1
ಬುದ್ಧಿವಂತ,1
ಆಧುನಿಕ,1
ಸಂಘರ್ಷ,0
rail,0
ಪ್ರತಿಧ್ವನಿಸುವ,1
ಔನ್ನತ್ಯ,1
ಅಸಹನೆಯ,0
ಅಪರಿಚಿತ,0
fair,1
ಋಣಾತ್ಮಕ,0
ಶಮನ,1
ನಿಸ್ಸಂದಿಗ್ಧವಾಗಿ,1
ಆತಂಕ,0
ಅನಾರೋಗ್ಯಕರ,0
ಕೋಲಾಹಲ,0
ಹಿತಕರ,1
ಗುರುತರ,0
ಸಮರ್ಥಕರು,0
ಹುಚ್ಚಿನ,0
ಸನ್ನಿ,0
ಪಾರದರ್ಶಕ,1
ಮಾಧುರ್ಯ,1
ಭದ್ರತೆಗೆ,1
ಭಾರ,0
ಬಲ,1
ದತ್ತಿ,1
ಸಮರ್ಥ,1
ಹರ್ಟ್,0
ಮಹಾನ್,1
ಸಾಮ್ರಾಜ್ಯಶಾಹಿ,0
ಅವಮಾನ,0
ಹುಚ್ಚು,0
ಅಪರಾಧ,0
ಹರ್ಷದಿಂದ,1
ಅವಶ್ಯ,0
ವಿರುದ್ಧ,0
ಅಸ್ವಸ್ಥ,0
ಎಚ್ಚೆತ್ತ,0
ಉಲ್ಲಂಘನೆ,0
ಕುರುಹು,0
ಮುನಿ,0
ಅಂಧಕಾರ,0
better,1
ಬೆಳಗು,1
ಸ್ಯೂ,0
ಉತ್ಸಾಹಪೂರ್ಣ,0
ಪರಿಣತರಾಗಿದ್ದರು,1
ಪುರಾತನ,0
ಟಾಪ್,1
ಎಚ್ಚರಿಕೆಯ,0
ಪ್ರಮಾದ,0
ವಿಕಲ,0
ಚರ್ಮದ,0
ಬೆಲೆಯ,1
ಅನಕ್ಷರಸ್ಥ,0
negative,0
ದ್ವೇಷ,0
ಸ್ವಾತಂತ್ರ್ಯಗಳನ್ನು,1
ಅಣಕದ,0
ಅದ್ಭುತ,1
ಶಾಂತಿಯುತವಾಗಿ,1
ವಿಧ್ವಂಸಕ,0
ಹೋರಾಟ,0
ಪ್ರಕಾಶಮಾನ,1
ಪರಿಷ್ಕರಣ,1
ಅಮಾಯಕ,1
ಸಂತನ,1
ಪ್ರೀತಿಯ,1
ತುತ್ತತುದಿ,1
ಅಸ್ಥಿರ,0
ಕ್ಷಿಪ್ರವಾಗಿ,1
ತನ್ನನು,0
ಚಂಚಲ,0
ಸಂತ,1
ವಿಘಟನೆಯ,0
ಸಿಡಿ,0
ಎಡೆಬಿಡದೆ,0
ಕಾಂತಿ,1
ದೇಶಭಕ್ತ,1
ಪೋಷಕ,1
ಆಪತ್ತು,0
ಮೆಚ್ಚುಗೆ,1
ಬಡಿ,0
ತಟ್ಟೆ,0
ನಿಧಾನದ,0
ಬೆಚ್ಚನೆಯ,1
ಅಡೆತಡೆ,0
ಭದ್ರ,1
ಮರೆಯಲಾಗದ,1
ಬಿರುಗಾಳಿಯ,0
ನಯ,1
ಕಾಲಜ್ಞಾನದ,0
winner,1
ಅಸಭ್ಯ,0
ಸ್ವಾರ್ಥದ,0
ಅತ್ಯಾಕರ್ಷಕ,1
ಅನಿವಾರ್ಯವಾಗಿ,0
love,1
ಶಾಪ,0
ಗಮನಾರ್ಹವಾಗಿ,1
ಮಹೋನ್ನತ,1
ಕೆಲಸವಿಲ್ಲದೆ,0
ಕೈಗೆಟಕುವ,1
ಅಚ್ಚುಮೆಚ್ಚಿನ,1
ಪುಡಿ,0
encourage,1
ವಿಷದ,0
ಅಡ್ಡಿ,0
ರಹಸ್ಯವಾದ,0
ಪ್ರಗತಿ,1
ಪ್ರತ್ಯೇಕವಾಗಿರುವ,0
ದಮನ,0
ವ್ಯತಿರಿಕ್ತ,0
ಯಾತನೆ,0
ಕನಿಕರ,1
ಆಕ್ರಮಣಕಾರಿಯಾಗಿ,0
ಅಶ್ವದಳದ,1
ಅಪನಂಬಿಕೆ,0
ಸಂರಕ್ಷಕ,1
strong,1
ವಿನಾಶದ,0
ಅಸ್ಪಷ್ಟ,0
ಕಡಿದಾದ,0
ಕ್ರಮವಲ್ಲದ,0
ಆಯ್ಕೆಮಾಡುವ,1
ಹೆದರಿದ,0
ಬಿರುಗಾಳಿ,0
ಆತ್ಮಹತ್ಯೆಯ,0
ಋಣ,0
dedicated,1
ಹವಾಗುಣ,0
ಕಾಲಮಾನದ,1
ಕಾರ್ಯತತ್ಪರತೆ,1
ತುಂಡು,0
ಪ್ರೇಕ್ಷಣೀಯ,1
ನಂಬಿಕೆಯಿಂದ,0
ಸಮಸ್ಯೆಯನ್ನು,0
ಕೆರಳಿಕೆ,0
ವಿಜ್ಞಾನ,0
ಫಾಲ್ಸ್,0
ವಂಚಿಸಿ,0
wrong,0
ಪ್ರತಿಫಲ,1
puppet,0
ಪುಟಾಣಿ,0
ಯಶಸ್ಸು,1
ಅಭಿವೃದ್ಧಿ,1
ನಕಾರಾತ್ಮಕ,0
ನ್ಯಾಯವಾದ,1
ಅಲ್ಲಗಳೆಯುತ್ತದೆ,0
ವಿಧ,1
ಎಳೆಯುತ್ತದೆ,0
ಪ್ರಾಧಾನ್ಯ,1
ಉಪಯುಕ್ತ,1
ಸನ್ನದು,0
ಸತ್ತುಹೋದ,0
ಕಠೋರ,0
ಸಂಭ್ರಮದಿಂದ,1
ಮನೋಹರವಾಗಿ,1
ಅತ್ಯಾಧುನಿಕ,1
ಆವಿಯಾಗುವ,0
disputed,0
ಪ್ರಯಾಸಕರ,0
ಅತ್ಯಂತ,1
ಹರಳು,1
recommended,1
ಹೆಸರುವಾಸಿ,1
ಉರಿಯುವಿಕೆ,0
ಅಸುರಕ್ಷಿತ,0
popular,1
ಮೂರ್ತಿ,1
ಹೆಮ್ಮೆಯ,1
ಉಪಯೋಗದ,1
ದಟ್ಟವಾದ,0
ಪೂರಕ,1
ವಿಕೃತ,0
ವಂಶ,0
ಮುಗಿಸಿದ,0
ಬಹಿಷ್ಕಾರ,0
ವಿನೋದ,0
ಗಾಢವಾಗಿ,1
ಗೋಚರ,1
ಪ್ರಶಾಂತತೆ,1
ಕಂಪಿಸುವ,0
ಜ್ಞಾನ,1
ಪೌರಾಣಿಕ,1
ಬಾಲಿಶ,0
ಕಷ್ಟ,0
killing,0
ನಿರ್ಜನ,0
ಸಮಾಧಾನಕರ,1
ಅಸಮರ್ಥ,0
ನಿರ್ವಿವಾದವಾದ,1
ಬೆರೆಯುವ,1
ಪ್ರೀತಿಸು,1
ಸಾಲಗಳನ್ನು,0
ಅತ್ಯಾಚಾರ,0
ಹತ್ಯಾಕಾಂಡ,0
ವಿಷ,0
ಗೌರವಾರ್ಹ,1
ಕಲಹ,0
ಮೃದುತ್ವ,0
ಮೂಲಾಧಾರವಾಗಿದೆ,1
ಭವ್ಯವಾದ,1
ಆಳವಿಲ್ಲದ,0
trapped,0
properly,1
errors,0
ಬಹಿಷ್ಕೃತ,0
ಯಜಮಾನ,1
ಪದಗಳು,0
ಅಗಾಧ,0
ವಂಚಕ,0
ready,1
ಕುಸಿತವನ್ನು,0
ಮಾರ್ಗದರ್ಶನ,1
ಎಡಗಡೆಯ,0
ಆಘಾತ,0
ಜಾಣ,1
ಕಿಕ್ಕಿರಿದ,0
ಅನಿಶ್ಚಿತತೆ,0
ಹಣದುಬ್ಬರದ,0
ಸದ್ದಿಲ್ಲದ,1
ಸಿರಿವಂತ,1
ವಿರೋಧ,0
ಕಾವ್ಯಾತ್ಮಕ,1
ರಾಕ್ಷಸ,0
undefined,0
ಉದಾರವಾಗಿ,1
ಚೂರಿ,0
ವಿರೋಧದ,0
ಉಜ್ವಲವಾದ,1
ಅಂದವಾಗಿ,1
awarded,1
ಹತ್ಯೆ,0
ನಿರಾಕರಿಸಲಾಗಿದೆ,0
ಬದುಕುಳಿದ,1
faith,1
ಹಾಸ್ಯಾಸ್ಪದವಾಗಿ,0
ಪಡಿಯಚ್ಚು,0
ಅಪಾಯ,0
ವರ್ಣನೆ,1
ದೂರದೃಷ್ಟಿ,1
ಕಲೆಗಳನ್ನು,0
ಉಗ್ರ,0
ಹಿಂಚಲನೆ,0
ಅಜ್ಞಾತ,0
ದಿನ್,0
endorsement,1
ಪಿತೂರಿ,0
ತಡವಾಗಿ,0
ನ್ಯಾಯವಾಗಿ,1
ನಿರಾಶೆ,0
ಸದಾಚಾರ,1
important,1
ಮಾತನಾಡಿದ,0
ತಡೆ,0
ಸಫಲವಾದ,1
ಅನಾಗರಿಕ,0
ಅಜ್ಞಾನ,0
ರಂಗುರಂಗಿನ,0
ಸ್ಪಂದಿಸುವ,1
ವಿಷಾದ,0
ಸಾವು,0
ನಿಷ್ಠೆ,1
ಪ್ರಕಾಶಿಸುವ,1
ಪ್ರವರ್ಧಮಾನಕ್ಕೆ,1
ಮೆದು,1
ತಾಜಾ,1
ಸಿಟ್ಟು,0
ಕಲ್ಪಿಸುವುದು,0
ಕುಶಲ,1
ಗಳಿಸುವುದು,1
ಚಂದ,1
ಪ್ರತಿಮೆ,1
ಮನ್ನಣೆ,1
ಪರಮಾನಂದ,1
ಬಿರುಕು,0
ಮರುಪಾವತಿ,1
ಚರ್ಚಾಸ್ಪದ,0
ಶತ್ರುವಿನ,0
ಚಾಕು,0
ನಿರಾಕರಣೆ,0
ತಿರಸ್ಕಾರ,0
ಒತ್ತುವರಿ,0
ಬೆಂಬಲಿಸುವ,1
ಸರಿಯಿಲ್ಲದ,0
ತಾರ್ಕಿಕ,1
ಸಾಯುತ್ತಿರುವ,0
ಲೌಕಿಕ,0
ಎಳೆಯಲು,0
ಮನರಂಜಿಸುವ,1
ಕಚ್ಚಾ,0
ಕಟ್ಟುನಿಟ್ಟಾಗಿ,0
ಆಕಾಂಕ್ಷೆಗಳನ್ನು,1
ತಂಪಾದ,1
ಐಷಾರಾಮಿ,1
ಆಚರಣೆ,1
ಧೂಳು,0
ದೃಢತೆಯನ್ನು,0
ಆಕರ್ಷಣೆ,1
ಗುಲಾಮಗಿರಿಗೆ,0
appropriate,1
ನ್,1
ಪ್ರತಿಕೂಲವಾದ,0
ಕಾಯಿಲೆ,0
ಮನರಂಜನೆ,1
ಇಷ್ಟವಾಗಲಿಲ್ಲ,0
ಲಾವಣಿ,0
ವಿಫಲತೆಗಳು,0
ಧನಾತ್ಮಕವಾಗಿ,1
ಪಾತ್ರಗಳ,1
ಗಡುಸಾದ,0
ನಿರಂತರತೆಯನ್ನು,1
ಚಿತ್ತಾಕರ್ಷಕ,1
ಚುರುಕಾದ,1
ಸಮಂಜಸವಾದ,1
ಹೊಗೆ,0
ಅಸಮರ್ಪಕವಾಗಿ,0
ಪಲಾಯನ,0
ಮೂಡಿ,0
ನಾಯಕ,1
ಕಸ,0
ಬರಡು,0
ಸಿನಿಕತೆ,0
ಬಲೆಗೆ,0
ಬಾವಿ,1
ದೂಷಣೆ,0
ವಿಶಾಲವಾದ,1
ಸಾಯುವಾಗ,0
ಅಸಂಭಾವ್ಯ,1
ಆದರ್ಶಪ್ರಾಯವಾದ,1
ವಿಜಯ,1
ಗುಟ್ಟಿನ,0
ವಿಗ್ರಹ,1
ವಿವಾದಾಸ್ಪದ,0
ಮುದ್ರೆ,1
ಬಾಹ್ಯ,0
ಅತ್ಯುತ್ಕೃಷ್ಟ,1
ಸಹಲಕ್ಷಣಗಳು,0
ಸಂಕುಚಿತ,0
helping,1
ಹೆದರುತ್ತಿದ್ದರು,0
ಅತಿಯಾದ,0
ಸಂನ್ಯಾಸ,0
ದಯೆಯಿಂದ,1
ಕರಾರುವಾಕ್ಕಾಗಿ,1
ಮಚ್ಚೆ,0
broken,0
ಬರ,0
ತೃಪ್ತಿಕರ,1
ಕಲುಷಿತ,0
hot,1
ತಗ್ಗಿಸಿ,0
ಯೌವನದ,1
ಕೆಳಗಿನ,0
ರಮ್ಯ,1
ಬಿರುಸಾಗಿ,0
ರಕ್ಷಿಸಲು,1
ಅನುಪಯುಕ್ತ,0
ಶಿಷ್ಟಾಚಾರಕ್ಕೆ,1
ಅಲರ್ಜಿ,0
ತ್ಯಾಜ್ಯ,0
ಜವಾಬ್ದಾರಿ,0
ಸವಾಲಿನ,0
ಗಾಯ,0
ಸೌಜನ್ಯದ,1
ಫಲದಾಯಕ,1
ನಿಗ್ರಹ,0
ಹಿಂಸಾತ್ಮಕವಾಗಿ,0
ಹತಾಶೆ,0
ಟ್ರಿಕ್,0
ಬದಲಾವಣೆ,1
ಪ್ರಶಾಂತ,1
ಅಪಾರ,1
ಅಚ್ಚುಕಟ್ಟಾದ,1
ಅಸಹ್ಯ,0
ವ್ಯಕ್ತಿಗಳ,1
ಹಾಳಾದ,0
ಸಿಟ್ಟಿನ,0
ಪರಿಶುದ್ಧ,1
split,0
ಗ್ರಹಿಸಬಲ್ಲ,1
ಲಕ್ಷಣ,0
ವಿಷಕಾರಿ,0
ಹಂಬಲ,0
ಯಾದೃಚ್ಛಿಕವಾಗಿ,0
ಕೊಲೆಗಾರ,0
invalid,0
ಮಿಠಾಯಿ,0
ಜೆಪರ್ಡಿ,0
ಹತಾಶೆಯಿಂದ,0
ಒಂಟಿಯಾಗಿರುವ,0
ಜುಗುಪ್ಸೆ,0
ಚುಚ್ಚುವ,0
ಮನವಿ,1
ಮುಷ್ಕರ,0
ಪರಿಣಾಮಕಾರಿಯಲ್ಲದ,0
ತೆವಳುವ,0
ಕುಸಿದ,0
ಪ್ರಶ್ನಾರ್ಥಕ,0
ಸ್ವಾಮ್ಯದ,0
ಕೊಲ್ಲು,0
ಸಡಿಲ,0
ಬಹಳವಾಗಿ,1
ಹೊಣೆಗಾರಿಕೆ,0
ಪ್ರೀತಿಸುವ,1
ವಸ್ತು,0
ದಟ್ಟವಾಗಿ,0
ಉಪಾಯ,0
ನಿರರ್ಥಕ,0
ಸಮರ್ಥನೆಯ,1
ಅಸ್ವಾಭಾವಿಕ,0
ಸುಳ್ಳಿನ,0
ಸ್ವಾತಂತ್ರ್ಯ,1
ದಬ್ಬಾಳಿಕೆಯ,0
ಎದ್ದುಕಾಣುವ,0
ಕ್ರಿಯಾತ್ಮಕ,1
equitable,1
ಮುರಿಯಿತು,0
infringement,0
ಅಮಿತ,1
ಅಭಿಮಾನಿಗಳು,1
ಗುಲಾಮರನ್ನು,0
ಸವಾಲು,0
ವಿಹಂಗಮ,1
ಸದ್ದು,0
ಚಿಂತೆ,0
ಮಹತ್ವಾಕಾಂಕ್ಷೆಯ,1
ಆಳವಾದ,0
helped,1
ವಿಸ್ತಾರವಾದ,1
ಬಾಗಿದ,0
ಅಸಾಧಾರಣವಾದ,1
ದಿವಾಳಿಯಾದ,0
ಬೆದರಿಸಿ,0
ವಿನಾಶ,0
ಪರೋಪಜೀವಿ,0
happy,1
ಪ್ರಾಮಾಣಿಕವಾದ,1
ನೆಲದ,0
ವಿಫಲವಾದರೆ,0
ನಮ್ಯತೆ,1
ಕೊಳೆತ,0
ಹಚ್ಚು,0
ಸುಲಭದಲ್ಲಿ,1
ಅನಿಯಂತ್ರಿತ,0
won,1
ವಿವಾದ,0
ಮುಚ್ಚುಮರೆಯಿಲ್ಲದೆ,1
ಹೆಚ್ಚುಗಾರಿಕೆ,1
ಗೆಲುವುಗಳು,1
ಆನಂದಿಸಿ,1
ಐಡಲ್,0
ಪಿಕೆಟಿಂಗ್,0
ಶಾರ್ಕ್,0
ಮಗು,0
ಭವಿಷ್ಯಸೂಚಕ,0
ಧಾರ್ಮಿಕ,1
ಹಗರಣಗಳ,0
ಸುಡುವುದು,0
ಮುಜುಗರದ,0
ತಿರಸ್ಕರಿಸಿದರೂ,0
ವಿಚಿತ್ರವಾದ,0
ವಿಷಪೂರಿತ,0
ಸಬಲ,0
ಭರವಸೆಗಳು,1
ಉಳಿದಿರುವುದು,1
ಆರ್ಥಿಕ,1
ಬದಲಾಯಿಸಲಾಗದ,0
ಮಹಾಪುರುಷ,1
ಅನುಪಮ,0
ನಿಷ್ಕ್ರಿಯತೆ,0
ತೃಪ್ತಿಕರವಾಗಿ,1
ಗ್ರಹಣ,0
ಪುನರ್ರಚನೆ,1
ಕುಶಲತೆಯ,1
ಹುಲುಸಾಗಿ,0
ಬಳಲುತ್ತಿರುವ,0
ವಧೆ,0
ಜ್ವರ,0
ಸಿಹಿಯಾದ,1
master,1
ಅನಾಹುತ,0
ಔಷಧಿ,1
ಹಠಾತ್,0
ಹರ್ಷ,1
ವಿನಾಯಿತಿಯನ್ನು,1
ನರಭಕ್ಷಕ,0
ಮಾಸ್ಟರ್ಸ್,1
ಹುಟ್ಟಿಸಿದ,0
ಸವೆತ,0
ಮಂಜೂರಾತಿ,1
died,0
ತೆಳ್ಳನೆಯ,0
ಪ್ರಜ್ವಲಿಸುವ,1
ಉದ್ರಿಕ್ತ,0
defeat,1
ಅವಸ್ಥೆ,0
ಪಶ್ಚಾತ್ತಾಪ,0
ಬರಗಾಲ,0
ಅಸ್ತಿತ್ವದಲ್ಲಿಲ್ಲ,0
ವಿಕಿರಣ,0
ಅಪರಾಧಗಳು,0
ಬಂದರುಗಳು,0
ಸಕಾಲಿಕ,1
ನಿರಾಕರಿಸಿ,0
ಜಡವಾದ,0
ನವೋದಯ,1
ಆವರಿಸಿರುವ,0
ಬೃಹತ್,0
ಅಭಾವ,0
ತಗ್ಗಿಸುವಂತೆ,0
ಬೆನ್ನು,0
ಅಪಕ್ವ,0
ಅಸಹಕಾರ,0
ವಿಜಯಿಯಾದ,1
ನಂಬಲರ್ಹ,1
ಸಂಪಾದನೆ,1
ಜಾಗರೂಕ,0
ಹಿಮ್ಮೊಗ,0
ಅನುಭವಿಸಿದ,0
ಚೂಪಾದ,1
ಸಾಧಿಸಬಹುದಾದ,1
ತಿಳಿಯದ,0
improve,1
ಪುರಸ್ಕಾರಗಳನ್ನು,1
problems,0
ಸೂತ್ರದ,0
ಸೂಕ್ತ,1
ಸಮರ್ಥಕ,0
ಪ್ರಕ್ಷುಬ್ಧ,0
ನಾಮಮಾತ್ರದ,0
ನಿರ್ವಿವಾದವಾಗಿ,1
ಬೆದರಿಸುವ,0
ನಿಷ್ಕಾಸ,0
ಸಹಾಯ,1
ದೌರ್ಬಲ್ಯಗಳನ್ನು,0
ಅನಾಸಕ್ತಿ,0
ಕಚ್ಚುವಿಕೆ,0
ಪರಾಕ್ರಮ,1
ಪ್ರಕಾಶಮಾನವಾದ,1
ಕುಸಿತ,0
ಅಸಂಬದ್ಧತೆಯ,0
ಅಲಂಕಾರಿಕ,1
ಉಳಿತಾಯ,1
ಪರಿಣಾಮಕಾರಿತ್ವ,1
ಆಶಾವಾದದ,1
ಸುಳ್ಳು,0
ಹೊಡೆದಾಟ,0
ಖಾಲಿ,0
ಡೆಸ್ಟಿನಿ,1
ದುರದೃಷ್ಟ,0
ದುರಂತ,0
ತಿಳಿ,1
ಅಡಗಿಸು,0
ಕೆಡುಕಿನ,0
ಪ್ರಭಾವಶಾಲಿ,1
ತಿಟ್ಟು,1
ಕಳ್ಳತನ,0
ಓದಬಹುದಾದ,1
ಜಾಲರಿ,0
ಓರೆಯಾದ,0
ಸಂವೇದನೆ,1
ತಣ್ಣಗಿರುವ,0
ಬಡ್ಡಿ,1
ಸುಧಾರಿತ,1
ತಳಮಳ,0
ಪೂರ್ವಭಾವಿಯಾಗಿ,1
ಅನಿಷ್ಟ,0
ಸ್ರಾವಕ,0
ನಿಪುಣ,1
ದುರ್ಬಲತೆ,0
ತಾತ್ಕಾಲಿಕವಾಗಿ,0
ಕದಡಿದ,0
ಒತ್ತಡಗಳಿಗೆ,0
ಕ್ರೂರ,0
ವಾಸನೆ,0
limited,0
ಕೆರಳಿದ,0
ನಕಲಿ,0
ಕೃತಜ್ಞತೆ,1
ಒತ್ತಡ,0
ಸಾಮರ್ಥ್ಯ,1
ಕೆಳಮುಖ,0
ಅಪರಾಧದ,0
ಚೆನ್ನಾಗಿ,1
ಭಂಗಿ,0
ಉದಾರತೆ,1
ಕತ್ತಿ,0
ನಿರ್ಣಯಕ್ಕೆ,0
ಮನರಂಜನೆಯನ್ನು,1
ಅಪಾಯಕರ,0
ಕಠಿಣವಾದ,0
ಶ್ರದ್ಧೆಯಿಂದ,1
ಅರ್ಥವತ್ತಾದ,1
ವದಂತಿಯನ್ನು,0
ಬಿಸಿ,1
ಅಸಮ,0
ವದಂತಿಗಳು,0
ಜ್ಞಾನಿಯಾದ,1
ಪ್ರಕಾಶ,1
ಆಕ್ರಮಣದ,0
ವಂಚಿತ,0
solid,1
ಪ್ರಾಪಂಚಿಕ,0
available,1
ವಿಶಿಷ್ಟ,1
ವಿಫಲತೆ,0
ಮಿತವಾದ,0
ಅಗತ್ಯವಿಲ್ಲದ,0
ವರ್ಣರಂಜಿತ,1
ಪ್ರಿಯ,1
ಬಾವು,0
ಕುಡಿದ,0
ಸಮರ್ಥವಾಗಿ,1
ನಿಗೂಢವಾಗಿ,0
ದುಷ್ಟ,0
ವಿನೋದದ,1
ವಾಗ್ವಾದ,0
ಪೂರ್ಣವಾಗಿ,0
ವಿವಾದಿತ,0
ನ೦ಬಿಕೆ,1
ಡಾನ್,1
ಪ್ರಶಂಸೆ,1
advanced,1
ಸಮ್ಮತಿ,1
ಕಿರಿಕಿರಿ,0
ವಿನಾಶಕಾರಿ,0
inappropriate,0
ಗಲಭೆಯ,0
ಭಾವಪೂರ್ಣ,1
ಬುದ್ಧಿಶಕ್ತಿ,1
ಅಭಿನಂದನೆ,1
ಕರಾರು,1
ಖಿನ್ನತೆ,0
ಪ್ರಭಾವಿತರಾದರು,1
ಮುಳುಗಿದ,0
ಮುದ್ದಾದ,1
ಅಸಂಬದ್ಧವಾದ,0
ಹಳ್ಳಿಗಾಡಿನ,1
ಸಂಕಟ,0
ಅಗಿ,1
ಶಬ್ದಗಳಿಂದ,0
ಮುಳುಗಡೆ,0
ಅನುಮಾನ,0
ಅಸಮಾನತೆಯ,0
ತಕ್ಕ,1
ಹುರುಪಿನ,1
ನಾಸ್ತಿಕ,0
ಸ್ಫೋಟಕ,0
ಇಚ್ಛಿಸುವ,1
ಪೂರಕವಾಗಿತ್ತು,1
ಮಿಶ್ರಿತ,0
ದಿಗಿಲು,0
ಸೇಡು,0
ಕ್ಷುದ್ರ,0
ಭಯಂಕರವಾಗಿ,0
ನಿಶ್ಯಬ್ದ,1
ಅನನುಭವಿ,0
ಆಗದ,0
ಬಾಂಬ್,0
ಅನಾವಶ್ಯಕ,0
ಶಾಸನ,0
ಸ್ವತ೦ತ್ರ,1
ಅಕ್ರಮ,0
ಮಿತಿ,0
ನಿಷಿದ್ಧ,0
ಆದರ್ಶಪ್ರಾಯ,1
ಸಂಶಯ,0
ವರ್ಧಿಸಲು,1
ವಿಳಂಬವಾದ,0
enough,1
ತಿರಸ್ಕರಿಸುವ,0
ಅಂಗವಿಕಲ,0
ತಿರಸ್ಕರಿಸಿ,0
ದಣಿದ,0
award,1
ಕುದಿಯುವ,0
ಸಮಗ್ರವಾಗಿ,0
ಬೇಲಿ,0
ಕಟು,0
ತುರ್ತು,0
ಕುಟುಕು,0
ಅಚ್ಚ,1
ಆಲಂಕಾರಿಕ,0
ತಿರುಚಿದ,0
ಹೊಳೆ,1
ಸದ್ಗುಣ,1
ಅನುಕೂಲಗಳು,1
ವಿಪತ್ತುಗಳು,0
ವಿಫಲನಾದ,0
ಸಹಾನುಭೂತಿಯ,1
dispute,0
ಕಲೆ,0
ಆಪಾದನೆ,0
top,1
ವರ್ಚಸ್ಸು,1
ಬುದ್ಧಿ,1
ತ್ರಾಸದಾಯಕ,0
ಮುಷ್ಟಿ,0
ಅದ್ದೂರಿ,1
ವದಂತಿ,1
ಕರಗುವಿಕೆ,0
ಸ್ವಚ್ಛಂದ,0
ಹೃತ್ಪೂರ್ವಕವಾಗಿ,1
ದಪ್ಪನಾದ,0
ಬಿಸಿಯಾದ,1
humor,1
ಗಡಿ,0
ನಷ್ಟ,0
ಪ್ರಾಮುಖ್ಯ,0
ಟ್ವಿಸ್ಟ್,0
ಒರಟಾದ,0
ಅಪ್ಪಳಿಕೆ,0
ದೆವ್ವದ,0
ಸಂದು,0
ಅರಿವಿಲ್ಲದ,0
ಟ್ರಸ್ಟ್,1
ಪ್ರತಿಷ್ಠಿತ,1
ಕಾನೂನು,0
ಗೌರವಯುತ,1
ವಿನಾಶಕರ,0
ನಿರಾಶೆಯನ್ನು,0
ಪರಿಣಾಮ,1
ನಿಷ್ಠುರ,0
ಸರಳ,1
ಹಳೆಯ,0
ವ್ಯರ್ಥ,0
ಅಸಾಮರ್ಥ್ಯ,0
ಲಾಭದಾಯಕ,1
ಎತ್ತು,1
ಬಹುಮಾನ,1
ಪೂರ್ವಗ್ರಹ,0
ನಿಷ್ಪಕ್ಷಪಾತವಾದ,1
ಅಪಖ್ಯಾತಿ,0
ಅತಿಶಯವಾದ,0
ವ್ಯಸನಿ,0
ಮಿತಿಮೀರಿ,1
ಗೆಲ್ಲಲು,1
ದೃಶ್ಯ,1
concern,0
ಒಲವಿನ,1
ಬಳಲಿಕೆ,0
ಸುರಕ್ಷಿತ,1
ಗುಂಡು,0
ಗೌರವಿಸುವ,1
ಪ್ರತಿಸ್ಪರ್ಧಿ,0
ನಿಮಿತ್ತ,1
ಫಲಪ್ರದ,1
ಭಿನ್ನತೆ,1
ಕಲ್ಲಿನ,0
ವಿಶ್ವಾಸಾರ್ಹವಾಗಿ,1
work,1
ಘರ್ಷಣೆ,0
ಕತ್ತಲೆ,0
ಪ್ರಚಂಡ,0
worth,1
ಸೃಜನಾತ್ಮಕ,1
ಆಯಾಸ,0
ನೆಚ್ಚಿನ,1
ಜಾಗರೂಕತೆಯಿಂದ,0
ಯಾದೃಚ್ಛಿಕ,0
ಬಂಡಾಯ,0
ಅದೃಷ್ಟ,1
ಸೂಚಿಸಿತು,1
easy,1
ಅಭಿನಂದನಾ,1
transparent,1
ಹಬ್ಬದ,1
ಏರಿಳಿತ,0
ಟ್ಯಾಂಕ್,0
ದುಃಖದ,0
ಪಕ್ವವಾದ,1
welcome,1
ಬಿಚ್ಚು,0
ಕಿರುಕುಳ,0
ಬದ್ಧತೆ,1
ಶಿಕ್ಷಾರ್ಹ,0
ತಂಗಾಳಿ,1
ರಾಶಿ,0
ಯಶಸ್ಸಿನ,1
ವ್ಯಾಪಕ,1
ಅಲ್ಪ,0
success,1
ವಿಭಜನೆಯಾಗಿ,0
ಪ್ರಾಮಾಣಿಕ,1
ತಳ್ಳು,0
ಅಲ್ಲಗಳೆದ,0
ಮರುಹುಟ್ಟು,1
ರಕ್ತಮಯ,0
ಘೋರವಾದ,0
ಅಮೂಲ್ಯ,1
ಆತಂಕದ,0
ಕ್ರಾಂತಿಕಾರಿ,1
ಮಂಗಳಕರ,1
ಪ್ರಖ್ಯಾತಿ,1
ಸ್ಫೂರ್ತಿ,1
ನಿರ್ಣಾಯಕ,1
significant,1
ಸ್ಥಾನ,0
ಬಿರುಕುಗಳು,0
ಸುಟ್ಟು,0
ಸ್ಪಷ್ಟ,1
ಸಾಯಿಸುವ,0
ಆಲಸ್ಯ,0
ವಿಸರ್ಜನೆಯ,0
concerned,0
ಪಾಳುಬಿದ್ದ,0
ಯಶಸ್ವಿಯಾದ,1
defamatory,0
ಜವಾಬ್ದಾರಿಯನ್ನು,1
ಅಪಘಾತ,0
ಭಯೋತ್ಪಾದನೆ,0
ಪಿಡುಗು,0
compatible,1
ಕೆಸರು,0
ಪ್ಯಾನ್,0
ವಾಗ್ದಾನ,1
ಗಮನಾರ್ಹ,1
ಉಪವಾಸ,0
ಉತ್ಕರ್ಷ,1
ರೋಗಲಕ್ಷಣ,0
ಕೆಟ್ಟದಾಗಿ,0
ಸ್ವಚ್ಛವಾದ,1
ಸಬ್ಸಿಡಿ,1
ಅಗೌರವ,0
sin,0
ಭ್ರಮೆಗಳು,0
ಕುತೂಹಲಕಾರಿ,1
ಕಳೆಗುಂದಿದ,0
ತಪ್ಪಾಗಿ,0
ಅಸಮಂಜಸ,0
ಗುಲಾಮಗಿರಿ,0
ಮಂತ್ರವಿದ್ಯೆ,1
ಚಾತುರ್ಯ,1
ಸಡಿಲವಾದ,0
ನಿರಾಕರಣೆಗಳು,0
ಆವಿಯಾಗುವಿಕೆ,0
ತೆಗೆ,0
ಎಡೆ,0
ಗಂಡಾಂತರ,0
ಒಪ್ಪಿ,1
ಮಂದ,0
ನೋವಿನ,0
ಪರಾಕಾಷ್ಠೆಯನ್ನು,1
ನಿರ್ಬಂಧದ,0
ಮುಳ್ಳಿನ,0
ಕೆರಳಿಸುವ,0
ಧೂಪದ್ರವ್ಯ,0
ಸರಳವಾದ,1
ಧೂಳಿನ,0
ಸುಪರಿಚಿತ,1
ಲಾಭದ,1
ಅಭಿಮಾನಿ,1
ಚಿನ್ನದ,1
ಸಮಸ್ಯೆಗಳನ್ನು,0
ತಿಳುವಳಿಕೆಯ,1
ಸಾಧನೆಗಳು,1
ವರ್ಧನೆಯು,1
ಬುದ್ಧಿವಿಕಲ್ಪದ,0
ಕುರುಹುಗಳು,0
ತಲೆಕೆಳಗು,0
ನೆಗೆಯುವ,0
ಅಡ್ಡಿಪಡಿಸುವ,0
ನುಣುಪಾದ,1
ಅರಾಜಕತಾವಾದಿ,0
ತವಕ,1
ನ್ಯೂನತೆ,0
ಮಂಕು,0
like,1
ಅನುಕೂಲ,1
ದಕ್ಷ,1
ಬಲವಂತದ,0
ಕ್ಯೆ,1
ಕ್ಷಾಮ,0
ಹತ್ಯೆಗೆ,0
ಸುಧಾರಿಸುತ್ತದೆ,1
ಕೊಟ್ಟಿಗೆ,0
ರಾಕಿ,0
ದುರ್ಭರ,0
ಗೈರುಹಾಜರಿ,0
ತೆರಿಗೆ,0
interesting,1
ಆಸೆ,0
ಹುಸಿ,0
ಮಾರ್ಪಡಿಸಲಾಗದ,0
safely,1
ಮೂರ್ಖ,0
ಸಾಧಿಸಿದೆ,1
ಮುಗಿಲು,0
ಅನುಕೂಲಕರವಾಗಿತ್ತು,1
ಸಂಸಾರ,0
ತ್ಯಾಗ,0
ಭ್ರಷ್ಟಾಚಾರ,0
ಹಿಡಿ,0
ಸುಡುವ,0
ಸಮರ್ಪಕ,1
ಕ್ರೂರವಾಗಿ,0
ಮಾನನಷ್ಟ,0
ಪರಾಕಾಷ್ಠೆ,1
ಕಾರ್ಯ,1
ಆಕರ್ಷಣೆಯನ್ನು,1
ರತ್ನಗಳು,1
ಉಸಿರು,1
ಅನುಚಿತ,0
controversial,0
ಅಡಚಣೆಗಳು,0
ಉತ್ಸಾಹಿ,1
ಅಸಮತೋಲನ,0
ದುರಂತಕ್ಕೆ,0
ಅದೃಶ್ಯ,0
ತಪ್ಪುಗಳನ್ನು,0
ವಿಭಾಗಗಳು,1
ಹಾಸ್ಯದ,1
ಅಸಮತೆ,0
ಕಲ್ಪನೆಯ,0
fall,0
ದಬ್ಬಾಳಿಕೆ,0
ಕೃತಿಗಳು,1
ಕೃತಕ,0
ಸರಾಗವಾಗಿ,1
ಮಬ್ಬು,0
ಬಡಿದ,0
ಭರಿತ,0
backward,0
ಪ್ರಸಿದ್ಧವಾದ,1
refused,0
ಕಾನೂನುಬಾಹಿರವಾಗಿ,0
ಅರ್ಥಪೂರ್ಣ,1
ಅವಾಸ್ತವಿಕ,0
ಹೊಲಸು,0
winning,1
ಬಸ್ಟ್,0
ಗಮನಾರ್ಹವಾದ,1
ನಿಖರವಾಗಿ,1
ಒರಟು,0
ನಿಯಮ,0
ದಿವ್ಯ,1
ಶ್ರವ್ಯ,1
ಪರಿಹಾರ,1
error,0
ಅಸಾಧಾರಣವಾಗಿ,0
ಸುರಕ್ಷಿತವಾಗಿ,1
ಪ್ರತಿಭಟಿಸಿ,0
ಉಳಿಕೆ,0
ಮಹತ್ತರವಾಗಿ,1
ಅಸ್ಪಷ್ಟತೆ,0
ಬಿಡುವಿಲ್ಲದ,0
ಡ್ರ್ಯಾಗ್,0
ಬರ್ಬರ,0
denied,0
ಭಾಗ್ಯ,1
ವಿರೋಧವಾಗಿ,0
ಅರಾಜಕತಾವಾದ,0
ಅಧಿಕೃತ,1
ಅಸ್ವಸ್ಥತೆ,0
ಹಾಸ್ಯಾಸ್ಪದ,0
ಹೃದಯಸ್ಪರ್ಶಿ,1
ಲಕ್ಷಣಗಳನ್ನೂ,1
ವಕ್ರ,0
ಕಾಡು,0
ಹರಕೆ,1
ಹೆಚ್ಚಿಸುತ್ತದೆ,1
ಚೆಲುವಾದ,1
ನೆಮ್ಮದಿಯಿಂದ,1
ಬಲಿಪಶು,0
ಅನುಯಾಯಿ,1
ಕಷ್ಟದ,1
ಜಾತ್ರೆ,1
ಸೂಪರ್,1
ಉಲ್ಲಾಸ,1
ವಿರೋಧಿ,0
ಬಲವಾದ,1
ವ್ಯಭಿಚಾರ,0
ರುಚಿಯಾದ,1
ಆಸಕ್ತಿಗಳು,1
ಕೊಬ್ಬು,0
ಚಾಚು,0
ಸಂಪೂರ್ಣ,1
ಅದ್ಭುತಗಳ,1
ಆಮೂಲಾಗ್ರವಾಗಿ,0
ಆಸರೆ,1
ಆರೋಪ,0
ರಕ್ತಸ್ರಾವವು,0
ಬಿದ್ದ,0
ಸರ್ವಾಧಿಕಾರದ,0
ಹೊಡೆತ,0
protection,1
ಸುರುಳಿಯಾಕಾರದ,0
ಅರಿ,1
limit,0
ಕುಣಿತ,0
ಒಡ್ಡೊಡ್ಡಾದ,0
ದೆವ್ವ,0
ಹಿಂಸೆಗೆ,0
ಸ್ಮಾರಕ,1
ಭ್ರಮೆಯು,0
ಅಂಜು,0
ಆಕರ್ಷಕ,1
ಜನಪ್ರಿಯವಲ್ಲದ,0
ಬಲಾತ್ಕಾರ,0
ಸಹಕಾರಿ,1
ಭಾರವಾದ,0
ಫ್ರಾಸ್ಟ್,0
ದಾನಿ,1
ರಿಯಾಯಿತಿಗಳನ್ನು,0
ಅಸಂಬದ್ಧ,0
ಹೊಳಪು,1
ವಿಚಿತ್ರ,0
ಹಾದಿ,0
ತಿಕ್ಕಾಟ,0
ಶಕ್ತಿಯುತವಾಗಿ,1
ಕಾರ್ಪ್,0
ದುರದೃಷ್ಟದ,0
ಅಜಾಗರೂಕ,0
ಸರಿಪಡಿಸುವಿಕೆ,1
ಬಳಲುತ್ತಿದ್ದಾರೆ,0
ಉಚಿತ,1
ಅಪವಿತ್ರ,0
ಅಪವಾದದ,1
ಆಚೆಯ,0
ಮೂರ್ಖತನ,1
ಏಕತಾನತೆಯ,0
ಸಹಕಾರದಿಂದ,1
ಕಡಿಮೆಯಾದ,0
ಮುಗಿಯದ,0
ಹಗರಣ,0
ಅನ್ಯಾಯಗಳನ್ನು,0
ಟ್ರಂಪ್,1
ವಿಜೇತ,1
ಪ್ರಶಸ್ತಿ,1
ಶಿಖರ,1
ನಿಯಂತ್ರಣದ,1
ಸಂಬಂಧ,1
ಅನಗತ್ಯವಾಗಿ,0
ಪ್ರವರ್ತಕ,1
ಯೋಗ್ಯ,1
ಹತಾಶ,0
support,1
ಯುದ್ಧದ,0
ವಿಭಜಿಸುವ,0
ಅನುಕಂಪ,0
ಮುಟ್ಟದ,0
ರೂಢಿಗತ,0
ಕೆಚ್ಚು,1
ಅರ್ಥವಿಲ್ಲದ,0
ಮಡ್ಡಿ,0
ಬಂಜರು,0
ಚಿತ್ರಹಿಂಸೆ,0
ಗದ್ದಲ,0
ಗೆಲುವು,1
ಹಾಸ್ಯ,1
ವಿಲಕ್ಷಣವಾಗಿ,0
ಕುಸಿಯುತ್ತಿರುವ,0
ಜಿಗುಟಾದ,0
ಭಿನ್ನತೆಗಳು,0
ಅವಮಾನಕರ,0
ಆಕ್ರಮಣಕಾರ,0
ಗತಿಸಿದ,0
ಚಂಡಮಾರುತ,0
ವಿಶ್ವಾಸ,1
ಅಪ್ಪಟವಾದ,1
redundant,0
ಹುರಿದ,0
ಸ್ಥಿರವಾಗಿ,1
ಕೆಲಸ,1
ಅತ್ಯುತ್ತಮವಾಗಿ,1
ದಯೆ,1
ಬಲೆ,0
ಹಂದಿಗಳು,0
ಒತ್ತಾಯ,0
ಗುಳ್ಳೆ,0
ಸಮಸ್ಯೆಗಳು,0
ಆಡುವಾಗ,0
ನಿರಂಕುಶಾಧಿಕಾರಿ,0
ನಿಂದನೆ,0
ಸಾಗರದಿಂದ,0
ಸಮರ್ಪಿಸಿದ,1
ಮಾರಿ,0
ಸೌಹಾರ್ದ,1
friendly,1
ಅಗ್ಗದ,1
ಉದಾತ್ತ,1
ಮಾಡು,0
ಅಗ್ಗದಲ್ಲಿ,0
protect,1
ಖಿನ್ನತೆಗೆ,0
ಅನ್ಯಾಯ,0
ತೆಳ್ಳಗೆ,1
ಗೌರವಿಸಿತು,1
ಕಥೆ,1
ನಿರಂಕುಶ,0
ಸಮೃದ್ಧ,1
ಕುಂಡ,0
ಚತುರತೆಯಿಂದ,1
ಜರ್ಜರಿತ,0
ಜಯಶಾಲಿ,1
ಯುಕ್ತವಾದ,1
ಹೊಳೆಯುವ,1
ಬಿರುಸು,0
ಮಹತ್ವದ,1
ಸರಳೀಕೃತ,0
ಅಂದವಾದ,1
ಆಧಾರವಾಗಿರುವ,1
ಅಧಿಕ,0
ಜಾಮ್,0
ಸಂಪ್ರದಾಯವಾದಿ,0
ರೋಗಿ,1
ಉತ್ಪಾದಕ,1
ಇಲ್ಲದಿರುವುದು,0
ಸ್ಟಂಪ್,0
well,1
ಉತ್ತೇಜಿಸುವ,1
ಸಾಯುವ,0
free,1
ಕಳಂಕ,0
ಮಾರಕವಾಗಿ,0
ಹಾಳು,0
ಅವ್ಯವಸ್ಥೆ,0
ಸೋರಿಕೆ,0
ಸಮಸ್ಯಾತ್ಮಕ,0
ಸಾಕಷ್ಟಿಲ್ಲದ,0
ಎಳೆಯುವುದು,1
ಪರಿಪಕ್ವತೆ,1
ಶುದ್ದ,1
ಆಶಾವಾದ,1
ಸಹಿಸುವ,0
ಕೆಳದರ್ಜೆಯ,0
ತಿರಸ್ಕರಿಸಿದ,0
ನಿಲುಗಡೆ,0
ಅನಿಯಮಿತ,0
ಯಥೇಚ್ಛ,1
ಆಧ್ಯಾತ್ಮಿಕ,1
ವಿಪತ್ತು,0
ಸಾಮರಸ್ಯ,1
ಸೊಗಸಾದ,1
ಮೂಲಭೂತವಾದ,0
ವಿಶ್ವಾಸಘಾತುಕ,0
enhance,1
ದುಃಖ,0
ಲಭ್ಯವಿರುವ,1
ಮೇಘ,0
ಉದ್ವಿಗ್ನ,0
ಮಿನುಗು,1
ಯೋಗ್ಯತೆ,1
ಶಂಕಿತ,0
ಕಡಿತ,0
ಯೋಗ್ಯವಲ್ಲದ,0
ಕುಗ್ಗಿದ,0
ಕಳೆದ,0
ಅನುಕೂಲಕರವಾಗಿ,1
ಅನುರಾಗ,1
ಕಡಿಮೆ,0
ಉತ್ಕೃಷ್ಟ,1
ಬರ್ನ್,0
ಆಮಿಷ,0
ಲಕ್ಷಣಗಳು,0
ಅತ್ಯುತ್ತಮ,1
ಬಿಕ್ಕಟ್ಟು,0
ಶಾಂತಿ,1
ಭರವಸೆ,1
ಸಾಕು,1
ಪಕ್ಷಪಾತಿ,0
ಕೆರಳಿಸಿತು,0
ಕಥಾವಸ್ತು,0
ಅತಿಕ್ರಮಣ,0
ಕಂಪನ,0
ಹತ್ತಿರದ,1
ನಿರ್ಬಂಧಿತ,0
ಒಳ್ಳೆಯದೆಂದು,1
ಸುಗಮ,1
ಒಡಕು,0
ನಾಜೂಕಿಲ್ಲದ,0
ಹೆದರಿಕೆ,0
ಭರ್ಜರಿಯಾಗಿ,1
ಕುಖ್ಯಾತ,0
ಪ್ರಾಬಲ್ಯ,1
ಸಂಸ್ಕರಿಸಿದ,1
ಅನುಭವಿಸಿತು,1
ಪ್ರತಿಭಟಿಸಿದರು,0
ರಾಡಿಕಲ್,0
ವಿಧಿಸಲು,0
ಹಿಂಸಾಚಾರ,0
ಚುಚ್ಚು,0
ಮನಸ್ಸಿನ,1
ಸೌಂದರ್ಯ,1
ಉತ್ಪತ್ತಿಯಾಗಿ,1
ಅರಾಜಕತೆ,0
ಸಂಬಂಧಪಟ್ಟ,0
ಒಣ,0
ನಾಚಿಕೆ,0
ಒತ್ತಾಯದ,0
ಮಾರಕ,0
ಬೆಂಬಲಿಗ,1
ಆಶ್ರಯ,0
ಪರಾಭವ,0
breaks,0
ಭರವಸೆಯ,1
autonomous,1
ಅನರ್ಹ,0
ಗಲಭೆ,0
ಕಾಳಜಿ,0
ತುರಿಕೆ,0
ಶ್ರದ್ಧಾವಂತ,1
ಪೂರ್ವಗ್ರಹಗಳು,0
ಮಲವಿಸರ್ಜನೆ,0
ವ್ಯಂಗ್ಯ,0
ರಹಸ್ಯ,0
ಸಹಾಯಧನ,1
lost,0
ತಣ್ಣಗಿನ,0
ಒಡೆಯ,1
worked,1
ದರಿದ್ರ,0
ಅನುಮಾನದ,0
ತಡವಾದ,0
ಮರಣ,0
supported,1
ಉತ್ತಮ,1
modern,1
ಪ್ರಯಾಸದ,0
ಶಾ೦ತಿ,1
ಗುಹೆ,0
ಅಹಂಕಾರ,1
ಊತ,0
ಅಗಾಧವಾದ,1
ಆಶ್ಚರ್ಯಕರವಾಗಿ,0
ಅಪಸರಣ,0
ತಿರಸ್ಕೃತ,0
ಫ್ಯಾಸಿಸಮ್,0
ಯುಕ್ತವಾಗಿ,1
ತಡೆಯುವಿಕೆ,0
ಗ್ರಹಿಸುವ,1
ಅನಂತ,1
ಪ್ರಗತಿಗಳು,1
ಡೋಲಾಯಮಾನ,0
ಥಟ್ಟನೆ,0
ಸಮಸ್ಯೆ,0
ಕುಡುಕ,0
ಹದಗೆಟ್ಟ,0
ಕಪಟ,0
ಸುವ್ಯವಸ್ಥಿತ,1
ಸರಿಸಮನಾಗಿ,1
ಮತ,0
ಕಡಿ,0
ಉದಾರವಾದ,1
ಕಟ್ಟುನಿಟ್ಟಾದ,0
good,1
ಗತ,0
ಅಕಾಲಿಕ,0
ಪ್ರತಿಬಂಧಕ,0
ಮೃದುವಾಗಿ,1
ಏಳೆ,0
ಪಕ್ಷಪಾತ,0
break,0
ತಾರತಮ್ಯದ,0
ಮಲಿನ,0
ಪರಿಣಾಮಕಾರಿ,1
ಸತತವಾಗಿ,1
ಹಿನ್ನಡೆ,0
ತಯಾರಿಕೆ,0
malicious,0
ಪ್ರತಿಭಟನಾಕಾರರು,0
issue,0
ನಿಧಿ,1
issues,0
ಅಸಮಾಧಾನ,0
ನುರಿತ,1
killed,0
ಅಭಿವೃದ್ದಿ,1
conflict,0
ಉತ್ತೇಜನ,1
ಅನ್ಯಾಯವನ್ನು,0
ಕ್ರೌರ್ಯ,0
ಅಣಕು,0
ವಿರಳ,0
lead,1
ಚಿನ್ನ,1
ಪತನದ,0
ಕುಳ್ಳ,0
ಹೆದರುವ,0
ಅಸಡ್ಡೆ,0
ಛಾಪು,1
ಅಪರಾಧಿ,0
ಪರಿಣಾಮಕಾರಿಯಾಗಿ,1
ಕ್ಷುಲ್ಲಕ,0
ಮನಮುಟ್ಟುವ,1
ಅನುಭವ,0
ಸಹಾಯವಿಲ್ಲದೆ,0
ಸಿಡುಕಿನ,0
ಹಗೆ,0
ಮಾರ್ಗದರ್ಶಕ,1
violation,0
ಕಾಲ,0
great,1
ಮರುಭೂಮಿ,0
ಅನ್ಯಾಯವಾಗಿ,0
ಬಡತನ,0
ತನ್ಮೂಲಕ,0
ಪಾಪದ,0
ಉಕ್ಕು,0
ಸುಸಂಬದ್ಧ,1
ಅಪಾಯಗಳನ್ನು,0
ರಕ್ತಸ್ರಾವ,0
ವಿಷಣ್ಣತೆ,0
ನಿರಾಧಾರ,0
ಸುಪ್ರಸಿದ್ಧ,1
ನಿಸ್ವಾರ್ಥ,1
ಏಳಿಗೆ,1
ಹಲ್ಲೆ,0
ಆಸ್ಥಾನದ,1
ಫಲವಂತಿಕೆ,1
ಕೊಳೆ,0
ಆಕರ್ಷಿಸುತ್ತವೆ,1
ಗುಲಾಮ,0
ಅಸಮ್ಮತಿ,0
ಅಪಾದನೆ,0
nonsense,0
ಹೆಸರುವಾಸಿಯಾದ,1
ಹಗೆತನದ,0
ಸಮಾಪ್ತಿ,1
ಪವಿತ್ರ,1
ನಿಗೂಢ,0
ನಾಶ,0
ನೆಮ್ಮದಿಯ,1
ಮಹತ್ವಾಕಾಂಕ್ಷೆ,1
ಭಂಗ,0
ಬರೆಯುವ,0
ವಾಸ್ತವಿಕವಾದ,0
ಒಡಂಬಡಿಕೆಯನ್ನು,1
ಊನ,0
ಬಡ,0
ಪಂಚ್,0
ತಪ್ಪಿದ,0
ಕುಡಿದು,0
ಬಾಗುವ,1
ಆರಾಮದಾಯಕ,1
ಸರಿಯಲ್ಲದ,0
ಕೂರುವ,0
ಇಟ್ಟಿದ್ದು,0
ರೊಚ್ಚು,0
ಲಭ್ಯವಿಲ್ಲ,0
ಎಡವಿ,0
ಪುಡಿಮಾಡಿದ,0
ಕಲಿಕೆ,0
progress,1
ಕಳಪೆಯಾದ,0
ಸಿಕ್ಕಿಬಿದ್ದ,0
ಪರಿಚಯವಿಲ್ಲದ,0
ಪದಗಳನ್ನು,1
ಸುಧಾರಣೆ,1
ವಿಲಕ್ಷಣ,0
ಜನಪ್ರಿಯ,1
ಮಾರ್ಗ,0
ಸಹಜ,1
ನಾಕ್ಷತ್ರಿಕ,1
ಎಬ್ಬಿಸುವ,1
ಸಂತೋಷ,1
ಸತ್ತ,0
ಭಯವನ್ನು,0
ಮಿಡಿ,0
ಅರ್ಹ,1
ವೇಗವಾದ,1
ದಕ್ಷತೆ,1
favorite,1
ಮಳಿಗೆಗಳು,0
ತಂತ್ರಗಳು,0
ಹಾನಿ,0
ಎದುರಾಳಿಗಳು,0
ಕೊಡುಗೆ,1
ಪತ್ರಿಕೆ,0
ಪಡೆಯುತ್ತಿದೆ,1
ನಿರಾಕರಿಸಿದರು,0
ಸಿಡಿಯುವ,0
ದರೋಡೆಕೋರ,0
ಧರಿಸುತ್ತಾರೆ,0
winners,1
ಬೆನ್ನುಮೂಳೆ,1
ಅಹಿತಕರ,0
ಮಿಂಚು,1
ನಯವಾದ,1
ಗೌರವ,1
ರೋಗದ,1
ನಿರಾಶಾವಾದದ,0
ಮಿತಿಗಳನ್ನು,0
ಗುಲಾಬಿ,1
ಹಗುರವಾದ,1
ತಾಳುವ,1
ಕೊರೆತ,0
ಕೂಡಲೆ,1
ಸುಲಭವಾಗಿ,1
ಕುಂದು,0
ಗಂಟಲು,0
ಛಿದ್ರ,0
