,word,polarity
15,ಯುದ್ಧದ,0
91,ವಿಶಾಲವಾದ,1
607,ಕುಶಲತೆಯ,1
1150,ಒಂಟಿಯಾಗಿರುವ,0
549,ಬಲೆ,0
790,ನಾಮಮಾತ್ರದ,0
1180,ವಿನಾಶಕರ,0
818,ಸೌಹಾರ್ದಯುತ,1
407,ಶ್ರವ್ಯ,1
631,ಪ್ರಕಾಶಮಾನವಾಗಿ,1
771,ಬೆರೆಯುವ,1
334,ಬಹುಮುಖ,1
689,ಮೆಚ್ಚಿಗೆ,1
1066,ವಿಪತ್ತುಗಳ,0
659,ಸಡಿಲವಾದ,0
681,ಕಾನೂನುಬಾಹಿರವಾಗಿ,0
77,ಹೆಸರಾಗಿದೆ,0
20,ಸಾಕಷ್ಟು,1
1254,ದಬ್ಬಾಳಿಕೆಯಿಂದ,0
565,ಶತ್ರುವಿನ,0
442,ಪಂಚ್,0
669,ಬಲಿತ,1
932,ಸಿಟ್ಟಿನಿಂದ,0
1002,ಅಸಂತುಷ್ಟ,0
1102,ಅಗ್ಗದಲ್ಲಿ,0
132,ದೃಢ,0
211,ಕ್ಷಿಪ್ರವಾಗಿ,1
839,ಆಲಂಕಾರಿಕ,0
5,ಆರ್ಥಿಕ,1
963,ಅಪಖ್ಯಾತಿ,0
1022,ಮಾರ್ಪಡಿಸಲಾಗದ,0
505,ಸಂಪದ್ಭರಿತ,1
388,ಗಡೀಪಾರು,0
617,ತಾರುಣ್ಯದ,1
519,ಮಂಜೂರಾತಿ,1
726,ಉತ್ಸಾಹಭರಿತ,0
148,ವಾದವನ್ನು,0
245,work,1
909,ಸಮರ್ಥಕ,0
19,ಅಭಿವೃದ್ಧಿ,1
640,ಕೆರಳಿಸಿತು,0
1128,ನಿಷ್ಠುರ,0
305,ಉಲ್ಲಂಘನೆ,0
316,ಅನಿವಾರ್ಯ,0
554,ವಿಹಂಗಮ,1
1056,ಹೆದರುವ,0
356,ಅನುಮಾನ,0
708,ಆಘಾತಕಾರಿ,0
933,ಸಂಪ್ರದಾಯಬದ್ಧವಲ್ಲದ,0
547,ಬಿಡುವಿಲ್ಲದ,0
770,killing,0
723,ಕೆಟ್ಟದಾದ,0
14,ಬೃಹತ್,0
458,ಮಹತ್ತರವಾಗಿ,1
560,ಟ್ರಿಕ್,0
979,ಮೂಢನಂಬಿಕೆ,0
76,ಗುಣ,0
867,ಕಪಟ,0
995,ಒತ್ತಡಗಳಿಗೆ,0
603,ಮೆದುವಾದ,1
1047,ಆಕ್ರಮಣಕಾರಿಯಾಗಿ,0
122,ಸ್ಮಾರಕ,1
1041,ಖಂಡಿಸಿತು,0
245,ಬಿರುಕು,0
837,ಎಳೆಯುತ್ತದೆ,0
423,ಹರಕೆ,1
505,ಅಗಾಧವಾಗಿ,0
1199,ತಬ್ಬಲಿ,0
231,ಅವನತಿ,0
317,ಅಪಾಯಕರ,0
706,ಪರಿಮಳಯುಕ್ತ,1
1058,ಹುಟ್ಟಿಸಿದ,0
178,ಉತ್ಸವ,1
484,ರೂಢಿಗತ,0
128,ತಡೆಯುವ,0
601,ಕ್ಷಾಮ,0
615,ನಿಷ್ಪಕ್ಷಪಾತ,1
535,ನಿರಾಕರಿಸುವ,0
779,ಅವ್ಯವಸ್ಥೆಯ,0
583,ಸ್ಟಂಪ್,0
52,ನಾಯಕ,1
14,ಸಂಪೂರ್ಣ,1
895,ಪರಿಪಕ್ವತೆ,1
222,ಮಾಸ್ಟರ್ಸ್,1
81,ಸ್ವಾಮ್ಯದ,0
75,ಕೆಲಸದ,1
282,ಹೆಸರುವಾಸಿ,1
818,ಅಳಲು,0
1134,ದುರದೃಷ್ಟದ,0
473,ಸುಪರಿಚಿತ,1
602,ಉಗ್ರವಾದ,0
1224,limit,0
419,ಸತ್ಕಾರ,1
363,ಪೆಟ್ಟು,1
738,ಭ್ರಮೆಯ,0
403,ಧೂಳಿನ,0
191,ಜಾತ್ರೆ,1
514,ಮನಸ್ಥಿತಿ,1
375,ಪಕ್ಷಪಾತ,0
358,ದಾಸ,0
899,ಅದಕ್ಷ,0
68,ರಹಸ್ಯ,0
622,ತಪ್ಪಿತಸ್ಥ,0
159,ಮನವಿ,1
782,ಆದರ್ಶಪ್ರಾಯ,1
689,ಅನಾರೋಗ್ಯಕರ,0
910,ಸಂದು,0
546,ಬಿರುಸಿನ,0
1135,ದುರದೃಷ್ಟ,0
714,ವ್ಯಂಗ್ಯವಾಗಿ,0
214,ಸೂಚಿಸಿತು,1
801,ಸಾಯುತ್ತಿರುವ,0
652,ಬೆರಗು,1
303,ತಿರಸ್ಕರಿಸಿದರು,0
481,ಚತುರ,1
631,ಹುಲುಸಾಗಿ,0
896,ಅವಿಶ್ವಾಸ,0
898,ಅನುಮಾನಗಳನ್ನು,0
471,ಸಹಕಾರದಿಂದ,1
738,properly,1
534,ಹಗರಣ,0
861,ನ್ಯಾಯವಾಗಿ,1
736,ಅನುಕೂಲಕರವಾಗಿತ್ತು,1
1237,ವಂಚಕ,0
1258,ತಿರಸ್ಕರಿಸಿದಳು,0
637,ತಿರಸ್ಕರಿಸುವ,0
1107,conflicts,0
7,ಹಳೆಯ,0
60,ಸಾಲ,0
1146,ಕುಟುಕು,0
29,ನಿಧಾನವಾಗಿ,0
698,ಯಾದೃಚ್ಛಿಕವಾಗಿ,0
792,ಕ್ಷಮಿಸಿ,0
985,ತನ್ನನು,0
973,ವಿಷಾದಕರ,0
215,ಪ್ರತಿಭೆ,1
536,ದಬ್ಬಾಳಿಕೆ,0
219,ಅನ್ಯ,0
827,ಫಲದಾಯಕ,1
193,ಡಾನ್,1
200,ವಿಶ್ವಾಸಾರ್ಹ,1
545,ಹಂಬಲ,0
17,ಹಾಗೆ,1
1012,disputed,0
529,ಭಾಗ್ಯ,1
104,ಪ್ರೀತಿ,1
340,ನಾಯಕಿ,1
266,ಪ್ರಗತಿಪರ,1
603,ಅಸ್ಥಿರತೆ,0
1004,ಅಲೆದಾಡುವ,0
970,ಸುರಕ್ಷಿತವಲ್ಲದ,0
660,clearly,1
96,ಅದ್ಭುತ,1
46,ಕಾಡು,0
967,ಹಗರಣಗಳ,0
950,ಜುಗುಪ್ಸೆ,0
600,clear,1
1265,ಕೆಲಸವಿಲ್ಲದೆ,0
1003,ಅವಸ್ಥೆ,0
743,ಕುಡಿದ,0
322,ವಿರಳವಾದ,0
659,peace,1
189,ಬಹಿರಂಗ,1
200,ಹಾನಿಕಾರಕ,0
665,ಧಾರೆ,0
540,ಕುರುಡು,0
364,ಅನಿಯಮಿತ,0
678,ಸದ್ಗುಣ,1
454,ನರಕದ,0
668,ಟೊಳ್ಳಾದ,0
174,ಸೋಲು,1
527,ಹಿತಕರ,1
382,ಅದೃಷ್ಟ,1
513,ಅವಶ್ಯ,0
451,ರಹಸ್ಯವಾದ,0
709,ಅಸ್ವಾಭಾವಿಕ,0
458,ವಿನಾಶದ,0
52,ಕಳಪೆ,0
780,ಅಲರ್ಜಿಗಳು,0
290,ಗುಲಾಮ,0
629,ಬೆನ್ನುಮೂಳೆ,1
1212,ಅಸಮತೆ,0
898,ದಯೆಯಿಂದ,1
1079,ತಿಕ್ಕಾಟದ,0
740,ತೆಳ್ಳನೆಯ,0
863,ತಡೆಯುವಿಕೆ,0
488,ಚರ್ಚಾಸ್ಪದ,0
467,ಸುಡುವ,0
221,like,1
795,ಮನೋಹರವಾಗಿ,1
594,ಲಕ್ಷಣಗಳನ್ನೂ,1
1192,ಪೂರ್ವಗ್ರಹಗಳು,0
378,ಬೆಚ್ಚನೆಯ,1
402,ನಿರಾಕರಿಸಿ,0
1238,ಮೊಂಡ,0
413,ಸಾಂದ್ರ,1
271,ಹಸಿವು,0
974,ವಿಚಿತ್ರವಾಗಿ,0
1034,ನಿರ್ಜನ,0
124,ಚಿಕ್ಕದಾದ,0
395,ಅರ್ಥಪೂರ್ಣ,1
0,ಹೆಚ್ಚಿನ,0
357,ನಿಲುಗಡೆ,0
855,ಬಡಿದ,0
1158,ಅವ್ಯವಸ್ಥಿತವಾಗಿ,0
793,ಮುದ್ದಾದ,1
55,ಮತ,0
351,ಭರವಸೆಯ,1
793,ಕುಂದು,0
82,ಜವಾಬ್ದಾರಿ,0
1024,ಬೂಟಾಟಿಕೆಯ,0
823,falls,0
556,ನಂಬಲರ್ಹ,1
1011,poor,0
256,ಹಣದುಬ್ಬರದ,0
853,ಬಿರುಸು,0
492,ದು,0
829,ಬರಡು,0
112,ಬಡ,0
876,conflict,0
384,ಉಸಿರು,1
310,ಅನಿವಾರ್ಯವಾಗಿ,0
544,ಭಾವಪೂರ್ಣ,1
86,ಹೆಸರಾಂತ,1
881,equitable,1
892,ಗೀರು,0
21,ಬಾಹ್ಯ,0
224,ಗೋಚರ,1
204,ದಂಗೆ,0
194,ಚಿನ್ನ,1
1129,ನಿರಾಸೆ,0
440,ನಿಧಾನವಾದ,0
38,ಸಮಸ್ಯೆಗಳನ್ನು,0
394,ಒಡೆಯ,1
522,ಮರುಹುಟ್ಟು,1
447,ಹಿಂಸಾಚಾರ,0
304,ಭವ್ಯವಾದ,1
616,ನಮ್ಯತೆ,1
882,ವಿಭಜನೆಯಾಗಿ,0
275,ತುಂಡು,0
1117,ಮುಳುಗಡೆ,0
357,ಸ್ವರ್ಗ,1
386,ವಾಂತಿ,0
817,enhance,1
58,ಆಳವಾದ,0
95,ಸಹಜ,1
988,ಟ್ವಿಸ್ಟ್,0
872,ಅನರ್ಹ,0
203,ಹೂವು,1
494,ಗೌರವಿಸುವ,1
1206,ಏಳೆ,0
56,ಚರ್ಮದ,0
777,ಕ್ಯೆ,1
244,ಎಚ್ಚರಿಕೆಯ,0
260,ಫಲವತ್ತಾದ,1
804,ವಿಲಕ್ಷಣವಾಗಿ,0
986,ತಣ್ಣಗಿರುವ,0
894,ಪ್ರತಿಭಾಪೂರ್ಣ,1
649,ನಿಷಿದ್ಧ,0
459,ವಿದಳನ,0
831,ನಿರ್ವಿವಾದ,1
91,ಆಶ್ರಯ,0
412,ಸಾಮರಸ್ಯ,1
982,ನಿರಾಶೆಯ,0
112,ವಿಸ್ತಾರವಾದ,1
1173,ಹುಚ್ಚಿನ,0
809,ಅಪವಾದದ,1
311,ಸಾಯುವ,0
444,ಒಂದಲ್ಲ,1
663,ಪಶ್ಚಾತ್ತಾಪ,0
497,ಮೂಕ,0
1198,ತೆವಳುವ,0
500,ದೂರದೃಷ್ಟಿ,1
1163,wrong,0
716,ಪಿಡುಗು,0
348,ಕರಾಳ,0
788,ಬಳಲುತ್ತಿದ್ದಾರೆ,0
425,ಸಹಕಾರದ,1
528,ಸ್ವಚ್ಛವಾದ,1
512,ಅಹಿತಕರ,0
750,ತಂಗಾಳಿ,1
1261,ತಗ್ಗಿಸುವಂತೆ,0
564,great,1
550,ನರಭಕ್ಷಕ,0
686,ಅಸುರಕ್ಷಿತ,0
396,ಬಂದರುಗಳು,0
454,ಪ್ರಕಾಶಮಾನ,1
835,ತಿರಸ್ಕೃತ,0
523,ಭರಿತ,0
666,ದುರ್ಬಲತೆ,0
1263,ಜರ್ಜರಿತ,0
821,ಮಾಡುವೆ,1
317,ಹೊಳೆಯುವ,1
674,ಅಪ್ಪಟವಾದ,1
644,ಚಂದ,1
163,ಉಪಯುಕ್ತ,1
125,ಉಕ್ಕು,0
730,ಹಿಂಸೆಗೆ,0
168,ಹವಾಗುಣ,0
915,ಪುಟಾಣಿ,0
630,ಬಲಶಾಲಿಯಾದ,1
681,ದಾಟಿದರೆ,1
647,ಬಾಯಾರಿಕೆ,0
185,ಉತ್ತೇಜನ,1
105,ಶಿಫಾರಸು,1
443,ಕೆಟ್ಟದಾಗಿ,0
485,ಭ್ರಮೆಗಳು,0
156,ತಡೆ,0
540,ಟ್ರಂಪ್,1
470,ಸಾಹಸದ,1
362,ಪ್ರಯತ್ನಿಸುವ,1
453,ಭ್ರಮೆ,0
313,ಪ್ರತಿಭಾವಂತ,1
411,ಸುಗಮ,1
850,ಸ್ಯೂ,0
715,ಪ್ರಶ್ನಾರ್ಹ,0
475,ಗಳಿಸುವುದು,1
391,ಗುಲಾಮಗಿರಿ,0
109,ಪ್ರವಾಹ,1
327,ಫಾಲ್ಸ್,0
848,controversial,0
852,ಮುಳುಗು,0
199,ಹೊಣೆಗಾರಿಕೆ,0
421,ಸಂಶಯ,0
924,ಅರ್ಥವಿಲ್ಲದ,0
241,ಲಾಭದ,1
1181,ವಿಕಲ,0
768,ಅರಿವಿಲ್ಲದ,0
846,autonomous,1
212,ಸಹಕಾರಿ,1
749,ಹಿಮ್ಮೊಗ,0
223,ಶ್ರೇಷ್ಟ,1
171,ಆರೋಪ,0
1155,ಆಪತ್ತಿನ,0
654,ಉರಿಯುತ್ತಿರುವ,1
590,ತುಂತುರು,0
172,ಮಳಿಗೆಗಳು,0
38,ಬದಲಾವಣೆ,1
10,ಸಂಬಂಧಿಸಿದಂತೆ,1
1182,ವಾದವಿವಾದ,0
885,ನಿಷ್ಕಾಸ,0
610,ಗಲಾಟೆ,0
897,ನಿಷ್ಪಕ್ಷಪಾತವಾದ,1
710,ಅರಾಜಕತಾವಾದ,0
1026,ಬಹಿಷ್ಕೃತ,0
558,ಪಿತೂರಿ,0
264,ಘರ್ಷಣೆ,0
611,ಕೊಡಲಿ,0
293,ನೆಚ್ಚಿನ,1
462,ತಪ್ಪಿದ,0
687,ಅಸಮತೋಲನ,0
718,ದಿಗಿಲು,0
529,ವಾಸ್ತವಿಕವಾದ,0
561,ಅದ್ದೂರಿ,1
707,ಪರಾಕಾಷ್ಠೆ,1
197,ವಿಷದ,0
651,ಬೆಳಗುವ,1
310,ತತ್ವಗಳು,1
416,ಭಂಗ,0
722,ಸಮಾಪ್ತಿ,1
1235,ವಿರಮಿಸುವ,0
948,ತಿರಸ್ಕರಿಸುತ್ತಾನೆ,0
882,endorsement,1
830,ಪ್ರತಿಭಟಿಸುವ,0
258,ಖಚಿತ,1
664,ವರ್ಚಸ್ಸು,1
348,ಹೆಮ್ಮೆ,1
235,ಬಡ್ಡಿ,1
35,ಕೃತಕ,0
1027,ಪ್ರಯಾಸ,0
493,ಮಿಂಚು,1
579,ದಯೆ,1
1065,ವಿರೋಧಿಸುವುದು,0
755,ಉದಾರವಾದ,1
808,ಅಭಿನಂದನೆಗಳು,1
498,ಪ್ರಾಮಾಣಿಕವಾಗಿ,1
711,ತವಕ,1
826,ಫಲವಂತಿಕೆ,1
847,inappropriate,0
117,ಬೆಲೆಯ,1
1055,concerned,0
356,ಸ್ವಾಯತ್ತ,1
160,ದೋಷ,0
1132,ದೌರ್ಬಲ್ಯಗಳನ್ನು,0
520,ಅಸಂಗತ,0
490,best,1
724,ಸದಾಚಾರ,1
65,ಅಪರಾಧ,0
624,ಕುಳ್ಳ,0
759,ready,1
797,ಪವಾಡದ,1
331,ದ್ವೇಷ,0
292,ಹಾಳು,0
390,available,1
585,ಸೊಬಗು,1
653,ಅಸಭ್ಯ,0
360,ಪವಿತ್ರವಾದ,1
442,ವರ್ಧಿಸಲು,1
455,ಹಂದಿಗಳು,0
111,ಯಶಸ್ಸಿನ,1
1023,ಮಚ್ಚೆ,0
428,ನಯನ,1
877,bad,0
267,ವಿಫಲವಾದ,0
396,solid,1
1167,rail,0
758,ನಿರ್ಬಂಧದ,0
445,ಹೊಳೆ,1
269,ತ್ಯಾಗ,0
770,ಬೆಳಗು,1
220,ಆದರ್ಶ,1
893,ಕಹಿಯಾದ,0
495,ಅಸಮ,0
463,ಅತಿಮುಖ್ಯ,1
1090,ಏದುಸಿರು,0
617,ವಿಷಾದ,0
43,ಸರಳ,1
86,ವಿಮರ್ಶೆ,0
778,ಕೈಗೆಟಕುವ,1
683,ಅಚ್ಚ,1
326,ಭೂತ,0
217,ಹೊಸದಾದ,1
12,ವಿಶೇಷವಾಗಿ,1
959,ಇಷ್ಟವಿಲ್ಲದ,0
651,ತಳಮಳ,0
114,ಸುರಕ್ಷಿತ,1
1059,ಹಿಂಸಾತ್ಮಕವಾಗಿ,0
546,ಪ್ರಭಾವಿತರಾದರು,1
286,ದುರಂತ,0
226,ಮಂತ್ರ,1
872,ಔದಾರ್ಯ,1
787,ಮಾರಕವಾಗಿ,0
866,ತಿಟ್ಟು,1
92,ಅಗಾಧ,0
5,ಬಾರಿ,0
1241,ಮನಸ್ಸಿಲ್ಲದೆ,0
972,ಸಾಧನವಾದ,0
989,ಚೂರಿ,0
163,ಒತ್ತಿ,0
1085,ಕುಡುಕ,0
354,ಒತ್ತಾಯದ,0
969,ಸ್ಟಾರ್ಕ್,0
586,ವಿಫಲವಾದರೆ,0
290,ಸುಧಾರಿಸಲು,1
1089,ಒಡೆಯುವಿಕೆ,0
719,ಅದ್ಭುತಗಳನ್ನು,1
928,ಅಂಜು,0
64,ಯಶಸ್ವಿಯಾಗಿ,1
151,ವಿಚಿತ್ರ,0
949,ತಿರಸ್ಕರಿಸಲು,0
881,ಶಿಥಿಲವಾದ,0
188,ಸ್ಥಿರವಾದ,1
785,ಸುಡುವುದು,0
1255,ದಣಿದ,0
841,recommended,1
59,ಶಾಸನ,0
83,ನಿರ್ಣಾಯಕ,1
521,attack,0
587,ಲಾಭಾಂಶವನ್ನು,1
1104,loss,0
63,ಪ್ರಬಲ,1
294,ತಿಳಿ,1
179,ಭಾರ,0
889,ಸುಭದ್ರತೆ,1
331,ಮುನ್ನಡೆ,1
1262,ಡೋಲಾಯಮಾನ,0
483,ಕಾಲಮಾನದ,1
682,ಕಾವ್ಯಾತ್ಮಕ,1
94,ಜ್ಞಾನ,1
848,ಹೃತ್ಪೂರ್ವಕವಾಗಿ,1
157,ಕೊಬ್ಬು,0
578,ಚಿಂತೆ,0
1029,ಪ್ರತಿಭೆಯುಳ್ಳ,0
304,ಜಡ,0
869,ಆವಿಯಾಗುವಿಕೆ,0
742,ಕೆಡುಕಿನ,0
398,ವಜ್ರ,1
95,ರೂ,0
155,ಭಯಾನಕ,0
537,ದಟ್ಟವಾಗಿ,0
763,friendly,1
344,fair,1
786,ಸರ್ವಾಧಿಕಾರದ,0
635,ಶಬ್ದಗಳಿಂದ,0
371,ಕುರುಹುಗಳು,0
101,ಆಧಾರ,1
832,ಪರಾಭವ,0
328,ಉತ್ತೇಜಿಸುವ,1
656,problems,0
330,ನಿರುದ್ಯೋಗದ,0
257,ಸಿದ್ಧ,1
1226,complex,0
140,ಬಿದ್ದ,0
168,ಸಮರ್ಥವಾಗಿ,1
1260,ತಳ್ಳು,0
468,ಮೂಲಭೂತವಾದ,0
1225,damage,0
497,ಮೇಧಾವಿ,1
657,worked,1
610,ಸರಿಸಮನಾಗಿ,1
1175,ಹಿಂಚಲನೆ,0
754,ಎತ್ತಿಹಿಡಿಯಿತು,1
1131,ನಿರಾಕರಣೆಗಳು,0
347,ಅನುದಾನ,1
439,ಭಯವನ್ನು,0
1209,ಉರಿಯುವಿಕೆ,0
1251,ನಾಜೂಕಿಲ್ಲದ,0
619,ಫ್ಯಾಸಿಸಮ್,0
341,ದೊರಕುವ,1
807,ಬೆದರಿಸುವ,0
320,ಕಳವಳ,0
450,ವಿಸರ್ಜನೆಯ,0
1218,ಅತಿಶಯವಾದ,0
116,ವಿವಾದ,0
295,ಉಳಿತಾಯ,1
280,ಪೂಜ್ಯ,1
656,ಅಂದವಾದ,1
813,ಕೆರಳಿಸುವ,0
698,ಹರ್ಷ,1
465,ಉನ್ಮಾದ,0
209,ಆಘಾತ,0
921,ಕದಡಿದ,0
139,ವಿವಾದಾತ್ಮಕ,0
658,supported,1
589,ನಿಗ್ರಹಿಸಲು,0
922,ಉಪದ್ರವ,0
647,ವಂದನೆ,1
401,ಮೆದು,1
580,ಅನುಕಂಪ,0
431,ಪ್ರಾಪಂಚಿಕ,0
94,break,0
1103,nonexistent,0
243,ಸಂತೋಷ,1
153,ತಾಜಾ,1
1039,ಗಲಭೆಯ,0
817,ಅಸಮರ್ಪಕವಾದ,0
233,ನಿರ್ಬಂಧಿತ,0
161,ಸ್ಪರ್ಧಾತ್ಮಕ,1
186,ಸಾಕು,1
368,ಲೌಕಿಕ,0
34,ಪತ್ರಿಕೆ,0
272,ಅತ್ಯುತ್ತಮವಾಗಿ,1
808,ಬರಿದು,0
608,ದೃಢತೆಯನ್ನು,0
783,ಹದಗೆಟ್ಟ,0
612,ಎಡೆಬಿಡದೆ,0
350,ದಕ್ಷತೆ,1
826,ವಧೆ,0
151,ಕ್ರಾಂತಿಕಾರಿ,1
726,ವಿವಿಧತೆ,1
1166,redundant,0
820,ಸತ್ಯವಾಗಿ,1
279,ಬುದ್ಧಿ,1
590,ಉದಾರತೆ,1
133,ಧೂಮಪಾನ,0
382,ನಿಂಬೆ,0
864,ದಿಣ್ಣೆ,1
87,ಸತತವಾಗಿ,1
679,ಗುರುತರ,0
602,ಸುಲಭದಲ್ಲಿ,1
201,ಪ್ರಭಾವಶಾಲಿ,1
153,ಭಯ,0
487,ನಿಗ್ರಹ,0
9,ಕಾನೂನು,0
523,ಬೆಂಬಲಿಗ,1
162,ಮುಂಭಾಗದ,1
621,ಅಚ್ಚುಕಟ್ಟಾದ,1
822,lost,0
404,ಏಳಿಗೆ,1
49,ತಪ್ಪಾಗಿ,0
819,ಸಾಟಿಯಿಲ್ಲದ,1
173,ಸರಳವಾದ,1
261,ರಾಕಿ,0
355,ಎದ್ದುಕಾಣುವ,0
1009,ಅಂತಃಕಲಹ,0
525,ಚಿತ್ರಹಿಂಸೆ,0
591,ಆಹ್ಲಾದಕರ,1
616,ಶಾಪ,0
593,ಶಾಂತಿಯುತವಾಗಿ,1
148,ವಿಜೇತ,1
855,ಮಂತ್ರವಿದ್ಯೆ,1
352,ಬಿಸಿಯಾದ,1
798,ನ೦ಬಿಕೆ,1
929,dispute,0
160,right,1
566,ವದಂತಿಗಳು,0
248,ಕಟ್ಟುನಿಟ್ಟಾದ,0
2,ಮುಖ್ಯ,1
675,ಅಗ್ಗವಾದ,1
499,ಬರಗಾಲ,0
745,ಆಗದ,0
775,ಧೂಪದ್ರವ್ಯ,0
297,ಖಿನ್ನತೆಗೆ,0
312,ವ್ಯರ್ಥ,0
54,ಅನುಮತಿ,1
625,ಸಹಾನುಭೂತಿಯ,1
299,ಹೆಸರುವಾಸಿಯಾದ,1
113,ತಂತ್ರ,0
106,ಪೋಷಕ,1
1223,negative,0
276,ಕ್ರೂರ,0
954,ಕುಗ್ಗಿಸುತ್ತವೆ,0
718,ಅನುರಾಗ,1
1148,ಕಡೆಗಣಿಸುವ,0
74,ಗಮನಾರ್ಹವಾಗಿ,1
1075,ನಿಧಾನದ,0
55,ಗಳಿಸಿತು,1
73,ವಿರೋಧ,0
47,ಹತ್ತಿರದ,1
119,ಬಿಕ್ಕಟ್ಟು,0
1110,ಸಾಯುವಾಗ,0
291,ನುರಿತ,1
873,ಇನಾಮು,1
324,ಕಟ್,0
419,ಅಕಾಲಿಕ,0
221,ಎದುರಿಗೆ,0
786,ಅಚಲವಾದ,1
849,ಸು೦ದರ,1
261,ಕಲ್ಪಿಸುವ,1
204,ವಿಧ,1
466,ಅಸಮ್ಮತಿ,0
1040,ಖಚಿತವಾಗಿಲ್ಲ,0
1249,ನಿರ್ದಯವಾದ,0
393,ಕಳೆ,0
1151,ಉರಿತ,0
1111,ವ್ಯಸನಿ,0
730,ನಿಸ್ಸಂದಿಗ್ಧವಾಗಿ,1
671,ತೃಪ್ತಿಕರವಾಗಿ,1
374,ನಿಷ್ಠೆ,1
237,ದೃಢವಾದ,1
469,ಮುರಿಯಿತು,0
185,ಚಂಡಮಾರುತ,0
142,ಆಕ್ರಮಣಕಾರಿ,0
323,ವೇಗವಾದ,1
517,ದಮನ,0
205,ಅಪಾಯಗಳನ್ನು,0
511,ಸಭ್ಯ,1
701,ತಿರಸ್ಕಾರ,0
468,ಅಮೂಲ್ಯವಾದ,1
207,ಪ್ರಾಬಲ್ಯ,1
1016,ಹೊಡೆದಾಟ,0
557,ಬಂಜರು,0
662,ವಕ್ರ,0
6,ಪ್ರಶಸ್ತಿ,1
614,ನಿಸ್ವಾರ್ಥ,1
1083,ಕೊಟ್ಟಿಗೆ,0
439,ಆಕರ್ಷಣೆಯನ್ನು,1
871,ಅವಮಾನಕರ,0
804,ಔನ್ನತ್ಯ,1
70,ಖಿನ್ನತೆ,0
1259,ತಿರಸ್ಕರಿಸಿದರೂ,0
218,ಪಲಾಯನ,0
68,ಸಂತ,1
259,ಆಕರ್ಷಣೆ,1
1010,risk,0
32,ನಿಜವಾದ,1
564,ಅಸ್ತಿತ್ವದಲ್ಲಿಲ್ಲ,0
315,ನೆಮ್ಮದಿ,1
394,ಕತ್ತಿ,0
69,ವಿಕಿರಣ,0
90,ಚಾಂಪಿಯನ್,1
783,ಆತ್ಮಸಾಕ್ಷಿಯ,1
1188,ಮಿಡಿ,0
558,ಒಲವಿನ,1
1097,ಅಪೂರ್ಣವಾದ,0
819,ಅನ್ಯಾಯವನ್ನು,0
1137,ದುಃಖಿತ,0
799,ಹಗೆತನದ,0
761,ಕುಖ್ಯಾತಿ,0
1053,malicious,0
101,ಚರ್ಮ,0
123,ಸಮರ್ಥ,1
800,ಸಿಕ್ಕಿಬಿದ್ದ,0
137,ನರ,0
295,ಸಂಪ್ರದಾಯವಾದಿ,0
887,ನಿರರ್ಥಕ,0
299,ಒರಟಾದ,0
528,ವಿಪತ್ತು,0
236,ಯಶಸ್ವಿಯಾದ,1
609,ದಪ್ಪನಾದ,0
1169,nonsense,0
650,ನಾಸ್ತಿಕ,0
161,ಪುಡಿ,0
825,ವಿಫಲತೆಗಳು,0
515,ಸ್ಪಂದಿಸುವ,1
942,ಪ್ರಹಸನ,0
421,ನಿಷ್ಠಾವಂತ,1
184,ಪ್ರಸಿದ್ಧಿ,1
531,ಕೊಲೆಗಾರ,0
369,ಲೂಟಿ,0
1174,ಹಿಮ್ಮೆಟ್ಟಿತು,0
646,hot,1
983,ನಿರಾಕಾರ,0
552,ಖಂಡಿಸಿದರು,0
720,winner,1
447,ಭದ್ರತೆಗೆ,1
175,ಬಹುಮಾನ,1
577,led,1
1067,ವಂಚಿತ,0
897,ಅಪನಂಬಿಕೆ,0
1038,ತಡೆಯಾಗಿ,0
1228,ಹೆದರುತ್ತಿದ್ದರು,0
277,ಅಜ್ಞಾತ,0
597,ಹೆಪ್ಪುಗಟ್ಟಿದ,0
262,ಸುಧಾರಣೆಗಳು,1
584,ಸಮಷ್ಟಿ,0
913,ಫನ್ನಿ,0
366,warning,0
132,ಔಷಧಿ,1
697,success,1
756,ಅರಳು,1
615,problem,0
951,ಚಾಚು,0
1205,ಒಡತಿ,0
1021,ವಿರಾಮಗಳನ್ನು,0
532,ಏಕಾಂತ,0
663,ಸಮಾಧಾನಕರ,1
714,ಗೌರವಾರ್ಹ,1
1130,ನಿರಾಶಾವಾದದ,0
235,ಸೂತ್ರದ,0
0,ಪ್ರಮುಖ,1
422,ಅನುಕೂಲಗಳು,1
42,ಸಾವು,0
605,ವಿಘಟನೆಯ,0
269,ಪ್ರವರ್ಧಮಾನಕ್ಕೆ,1
517,ಶಮನ,1
297,ಅಗಾಧವಾದ,1
875,denied,0
1171,hoax,0
341,ಮುನ್ಸೂಚನೆ,0
670,ನೆಮ್ಮದಿಯ,1
1013,death,0
4,ಕಾಲ,0
49,ಕಥೆ,1
878,supports,1
477,ರೂಪಿಸಲಾದ,0
589,ನಾಜೂಕಾದ,1
202,ಕರಾರು,1
345,ವಿವಾದಾಸ್ಪದ,0
387,ಗ್ರಹಣ,0
1177,ಸಿಟ್ಟಿನ,0
518,ಯೋಗ್ಯತೆ,1
567,ಸಮಂಜಸವಾಗಿ,1
126,ವಿರಳ,0
30,ತಪ್ಪು,0
176,ಪರಿಪೂರ್ಣ,1
597,ಗೆಲುವುಗಳು,1
912,ಬಾವು,0
78,ದೃಶ್ಯ,1
281,ಪರಮ,1
234,ಕಟ್ಟುನಿಟ್ಟಾಗಿ,0
152,ಪ್ರಗತಿ,1
1051,ಅಣಕದ,0
565,ಸಾಹಸಿ,1
728,ಅಸಮಂಜಸ,0
821,violation,0
715,ಉಲ್ಲಾಸದ,1
191,ನಿಗೂಢ,0
370,ನಿರಂಕುಶ,0
129,ಆಕ್ರಮಣದ,0
34,ಕಾರಣವಾಯಿತು,1
1109,ಸುಳ್ಳಿನ,0
633,ಆಯ್ಕೆಮಾಡುವ,1
901,ಕನಿಕರ,1
1154,ಆಪತ್ತು,0
446,ಆತ್ಮಹತ್ಯೆಯ,0
575,ಮುಷ್ಟಿ,0
840,winning,1
206,ನೆಲ,1
456,ಆಕರ್ಷಿಸುತ್ತವೆ,1
114,ಕೊಲೆ,0
1042,ಕಳೆಗುಂದಿದ,0
18,ಕೆಳಗಿನ,0
420,ಹಿಂಸೆಯ,0
1215,ಅವಸರ,0
1219,ಅಡ್ಡಿಪಡಿಸುತ್ತದೆ,0
563,improve,1
455,ನುಣುಪಾದ,1
477,ಆರಾಧ್ಯ,1
43,ಅನುಭವ,0
600,ದುಃಖದ,0
113,ಹೆಚ್ಚಿಸುತ್ತದೆ,1
624,ಸ್ವಚ್ಛತೆ,1
430,ವಿನಾಶ,0
584,ಹುರುಪಿನ,1
236,ವಿನೋದ,0
542,ಸಾಂಗತ್ಯ,1
919,ಚಾಕು,0
901,ಅಂಧಕಾರ,0
721,proper,1
459,ಮರುಪಾವತಿ,1
864,ಚುಚ್ಚುವ,0
585,ವಿಭಜಿಸುವ,0
336,ಅಪರಿಚಿತ,0
733,ಸರ್ವಾಧಿಕಾರಿ,0
31,ಅಲ್ಪ,0
32,ಸಮಗ್ರ,0
962,ಅಪಸರಣ,0
880,favorite,1
189,ಆತ್ಮಹತ್ಯೆ,0
1252,ನಶಿಸುವ,0
733,ಆಕಾಂಕ್ಷೆಗಳನ್ನು,1
877,winners,1
228,ಪತನದ,0
232,ಅಗ್ಗದ,1
62,ತುರ್ತು,0
305,ನವೋದಯ,1
789,award,1
22,ಸಹಾಯ,1
495,ಶ್ರದ್ಧೆಯಿಂದ,1
208,ಅತ್ಯಾಧುನಿಕ,1
237,ಗುಲಾಮರನ್ನು,0
1087,ಒತ್ತಿಹೇಳುವ,0
1250,ನಿರಾಕರಿಸಲಾಗಿದೆ,0
82,ಸಾಧನೆ,1
908,ಸಹಲಕ್ಷಣಗಳು,0
358,ಆಧಾರವಾಗಿರುವ,1
339,ತಾರತಮ್ಯ,0
446,ವಿಸ್ಮಯ,1
264,ರಕ್ಷಕ,1
643,ನಿರಂತರತೆಯನ್ನು,1
115,ಧನಾತ್ಮಕ,1
234,ಸಮ್ಮತಿ,1
467,ನಾಕ್ಷತ್ರಿಕ,1
438,ಭಯೋತ್ಪಾದನೆ,0
964,ಅನಾಸಕ್ತಿ,0
451,ಅಸಾಧಾರಣವಾದ,1
768,ಮಾಧುರ್ಯ,1
66,ರಕ್ಷಣೆ,1
283,ಪ್ರಿಯ,1
944,ಪರೋಪಜೀವಿ,0
346,ಕರಾರುವಾಕ್ಕಾಗಿ,1
831,ಪಾಪಿ,0
242,ವಾಸನೆ,0
1120,ಮುಖಾಮುಖಿಯ,0
673,ಉಳಿದಿರುವುದು,1
280,ಕೋಪ,0
227,ಪಾಪ,0
344,ಅನುಪಮ,0
757,ಅನುಕೂಲತೆ,1
796,ಅನುಮಾನದ,0
475,ವಿಷಪೂರಿತ,0
856,ಪ್ರತ್ಯೇಕವಾಗಿರುವ,0
762,happy,1
690,ಹಿಮಪಾತ,0
904,disabled,0
25,ಒತ್ತಡ,0
417,ಅನುಯಾಯಿ,1
890,ಟಾಕಿ,0
598,ಉಲ್ಲಾಸ,1
646,ವಿಫಲನಾದ,0
859,ನಾಚಿಕೆ,0
489,prompt,1
197,ಅಲಂಕಾರಿಕ,1
247,ಕಡು,0
399,ಸ್ಫೋಟಕ,0
717,ಪರಿಣಾಮಕಾರಿಯಲ್ಲದ,0
37,ಲಕ್ಷಣಗಳು,0
580,ಡೆಸ್ಟಿನಿ,1
661,ವಿದೇಶೀಯ,0
444,ಕೂಗು,0
1159,ಅಲ್ಲಗಳೆಯುತ್ತದೆ,0
226,ಅಕ್ರಮ,0
1,ಕಡಿಮೆ,0
583,strong,1
1114,ವಂಚಿಸಿ,0
649,ಮುಚ್ಚುಮರೆಯಿಲ್ಲದೆ,1
851,ಶೂರ,1
1032,ನೆಗೆಯುವ,0
66,ವಿಮರ್ಶಕರು,0
592,ಸವಿ,1
209,ಪ್ರತಿಮೆ,1
1210,ಉಬ್ಬುಗಳು,0
828,ಪೂರಕವಾಗಿತ್ತು,1
327,ಕಷ್ಟದ,1
538,ಮನರಂಜನೆಯನ್ನು,1
1172,doubt,0
1221,terror,0
633,ಸಾಗರದಿಂದ,0
1061,ಹರಿಸುತ್ತವೆ,0
527,ವಿರೋಧವಾಗಿ,0
875,ಅಸಂಭಾವ್ಯ,1
707,ಒದ್ದೆಯಾದ,0
827,ಮಬ್ಬು,0
441,ಅಪರಾಧಗಳು,0
1084,ಕೆಳಗಣ,0
397,important,1
1035,ನಿರಾಧಾರ,0
838,ಆಶಾವಾದದ,1
284,ಸಂಕುಚಿತ,0
955,ಕಳಪೆಯಾದ,0
802,ಸಬಲ,0
578,ನಗು,1
572,ಚಾತುರ್ಯ,1
680,ಕುಸಿಯುತ್ತಿರುವ,0
1244,ಬ೦ದರು,0
103,ಘನ,1
223,ಮೂಡಿ,0
10,ಸ್ಥಾನ,0
187,ಮೂರ್ತಿ,1
507,ದಾನಿ,1
1208,ಊನ,0
628,ರುಚಿಯಾದ,1
100,ನಕಾರಾತ್ಮಕ,0
791,ಲಾವಣ್ಯ,1
411,ಅಸ್ಪಷ್ಟವಾಗಿದೆ,0
843,ಅಗತ್ಯವಿಲ್ಲದ,0
434,ಉಪಯುಕ್ತತೆ,1
409,ಭಿನ್ನತೆ,1
562,works,1
1216,ಅನ್ಯಾಯಗಳನ್ನು,0
366,ಸಮಾಧಾನ,1
260,ಹುಳಿ,0
1078,ದರಿದ್ರ,0
943,ಪಿಕೆಟಿಂಗ್,0
676,faith,1
571,ಜಾಲರಿ,0
278,ಅಚ್ಚುಮೆಚ್ಚಿನ,1
249,ಅಮೂಲ್ಯ,1
811,ಅಂದವಾಗಿ,1
214,ಮರಿಗಳು,0
173,ದಟ್ಟವಾದ,0
230,ಬೆಂಬಲಿಸುತ್ತದೆ,1
764,ಆಮೂಲಾಗ್ರವಾಗಿ,0
810,ಪ್ರತಿಕೂಲವಾದ,0
373,ರಾಕ್ಷಸ,0
388,ಸಾಧಿಸಿದೆ,1
198,ಸಮೃದ್ಧ,1
568,ಭಾವಚಿತ್ರ,0
626,ಸಮರ್ಥನೆಯ,1
40,ಕೆಟ್ಟ,0
554,ಅಭಾವ,0
6,ತಂಡದ,0
562,ಐಡಲ್,0
1240,ಮುಟ್ಟದ,0
72,ಅಪಾಯ,0
288,ಅರಾಜಕತಾವಾದಿ,0
194,ರಾಶಿ,0
436,ಹುಸಿ,0
992,ಕೋಲಾಹಲ,0
227,ಗೆಲುವಿನ,1
316,ತೃಪ್ತಿ,1
73,ಬಲ,1
154,ಪೌರಾಣಿಕ,1
794,ಮಿನುಗು,1
1048,ಅಸಹಾಯಕತೆ,0
104,ಖಾಲಿ,0
560,ಅದ್ಬುತ,1
251,ಯಶಸ್ವಿಯಾದರು,1
215,ಉಪವಾಸ,0
1071,ಬಲಿಪಶು,0
11,ಬಳಿ,0
1161,ಅಪವಿತ್ರ,0
605,ಪರಿಷ್ಕರಣ,1
812,ಜಾಗರೂಕ,0
284,ಜಟಿಲ,1
654,ಅರಾಜಕತೆ,0
1264,ಗುಟ್ಟಿನ,0
176,ಶಿಲ್ಪ,0
965,improper,0
1006,ಅಮಾನುಷ,0
627,ವಿಶ್ವಾಸಾರ್ಹವಾಗಿ,1
542,ಉಪಾಯ,0
44,ತಡೆಯಲು,0
1200,ಜಡವಾದ,0
530,ಬೆಟ್,0
389,ಭದ್ರ,1
696,transparent,1
771,attacks,0
737,ಮಂದಗತಿಯ,0
182,ನಿಯಂತ್ರಣದ,1
408,ರೋಗಿ,1
769,ಭರವಸೆಗಳು,1
606,ಪ್ರತಿಭಟಿಸಿ,0
239,ಕಲ್ಪಿತ,1
175,ಕಡ್ಡಾಯ,0
799,ನ್ಯಾಯಸಮ್ಮತವಾಗಿ,1
729,ಪರಾಕಾಷ್ಠೆಯನ್ನು,1
725,ಸತ್ಯವಾದ,1
314,ಗುಹೆ,0
1076,ನಿಖರವಲ್ಲದ,0
952,ಕೊಳೆ,0
493,ಕಷ್ಟಗಳನ್ನು,0
847,ಹೆಚ್ಚುಗಾರಿಕೆ,1
737,soft,1
231,ಆರೋಗ್ಯಕರ,1
479,ಬೇನೆ,0
588,ಮಿತವ್ಯಯದ,1
88,ಸ್ಪಷ್ಟ,1
885,benefit,1
822,ಮಮತೆ,1
11,ಸಾಮಾಜಿಕ,1
870,ಅವಾಸ್ತವಿಕ,0
996,ಏಕತಾನತೆಯ,0
792,ಯುಕ್ತವಾಗಿ,1
15,ಆಹಾರ,1
980,ಭಯಂಕರವಾಗಿ,0
470,ಪಡಿಯಚ್ಚು,0
67,ಸಮಸ್ಯೆಯನ್ನು,0
776,ದೇಶಭಕ್ತ,1
1095,ಅಳು,0
648,ಪಾಪದ,0
1062,ಹತಾಶೆಯಿಂದ,0
1201,ಜಗಳಗಳು,0
22,ದಾಳಿ,0
879,sufficient,1
387,ಆಶ್ಚರ್ಯ,1
741,helped,1
374,ಪಾರ್ಶ್ವವಾಯು,0
130,ರಕ್ಷಣಾತ್ಮಕ,0
676,ಹರ್ಟ್,0
788,clean,1
363,ಅನಾಥ,0
1183,ಲಂಪಟ,0
939,ಬದಲಾಯಿಸಲಾಗದ,0
1184,ರೊಚ್ಚು,0
705,ಕಿಕ್ಕಿರಿದ,0
70,ಪರಿಹಾರ,1
507,ಸಿಟ್ಟು,0
279,ನಿರಾಕರಣೆ,0
303,ಸ್ವಾಗತ,1
820,ಅನಾಗರಿಕ,0
201,ಅಸಾಧ್ಯ,0
147,ಸುಲಭ,1
97,ಲಕ್ಷಣ,0
115,ತಾತ್ಕಾಲಿಕವಾಗಿ,0
934,ಸಂದಿಗ್ಧತೆ,0
119,ಒಲವು,1
238,ವಂಶ,0
250,ಅಭಿಮಾನಿ,1
630,object,0
480,ಬಲೆಗೆ,0
638,ತಗ್ಗಿಸಿ,0
28,ಸಂಬಂಧ,1
636,ಮಾನನಷ್ಟ,0
573,ಒಪ್ಪುವ,1
150,ಪ್ರಚಂಡ,0
748,ಪ್ರಜ್ವಲಿಸುವ,1
886,awarded,1
154,ತಂತ್ರಗಳು,0
699,ಸ್ವಾತಂತ್ರ್ಯಗಳನ್ನು,1
1127,ಪರಿತ್ಯಾಗ,0
278,ಪುನರಾವರ್ತಿತ,0
1081,ಗ್ಲಿಚ್,0
559,ಅಭಿನಂದನಾ,1
491,ಸಮೃದ್ಧವಾಗಿ,1
692,ನಯ,1
135,ಪ್ರತಿಷ್ಠಿತ,1
650,ಭರವಸೆಗಳನ್ನು,1
1214,ಅವಸರದ,0
747,ಅಪ್ಪಳಿಸಿತು,0
53,ಪುರಾಣ,0
379,ಪವಾಡ,1
1007,ಅನ್ಯಾಯವಾಗಿ,0
703,ಕುಸಿದ,0
835,ಕೌತುಕ,1
375,good,1
424,ಸುಸಂಸ್ಕೃತ,1
655,ಉದಾರವಾಗಿ,1
353,ನಮಸ್ಕಾರ,1
313,ದುರುಪಯೋಗ,0
613,ಅಸಮರ್ಥ,0
592,ತಡವಾದ,0
131,ವಿಮರ್ಶಾತ್ಮಕ,0
627,ಅಸಾಮರ್ಥ್ಯ,0
1211,ಉಪದ್ರವವನ್ನು,0
796,ಪ್ರತಿಧ್ವನಿಸುವ,1
695,ಸಹಾಯವಿಲ್ಲದೆ,0
586,ಸಬ್ಸಿಡಿ,1
108,ಸಂಕ್ಷಿಪ್ತ,1
426,ಸಮಂಜಸವಾದ,1
350,ಅನಿಯಂತ್ರಿತ,0
1105,limited,0
833,ಧರ್ಮನಿಷ್ಠ,1
169,ಬೆದರಿಕೆ,0
858,ನಿಷ್ಕ್ರಿಯತೆ,0
106,ಬರೆಯುವ,0
757,ಪಿಶಾಚಿ,0
506,ಹಾಳಾದ,0
367,ವಿಳಂಬ,0
340,ಜೆಪರ್ಡಿ,0
613,ಯಥೇಚ್ಛ,1
199,ಸಂಪತ್ತು,1
545,ಬೆಚ್ಚಗೆ,1
1268,ಒತ್ತೆಯಾಳು,0
582,ಅಗಿ,1
134,ಸುಧಾರಿತ,1
925,ಅನಿಷ್ಟ,0
977,ರಕ್ತಸ್ರಾವವು,0
845,capable,1
1231,ಸಹಿಸುವ,0
205,ಜಾಹಿರಾತು,1
481,ಜಾಗರೂಕತೆಯಿಂದ,0
695,ಅಮಾಯಕ,1
309,ಶಾಂತ,1
312,ಪ್ರತಿಭೆಯನ್ನು,1
1190,ಬೆದರಿಸಿ,0
711,ಅನ್ಯಾಯದ,0
323,ಕಡಿಮೆಯಾದ,0
539,ಗಡಿಪಾರು,0
1043,ಒಡೆಯನ,0
1017,ಹುಡಿ,0
71,ಶಾಂತಿ,1
1186,ರಕ್ತಪಾತ,0
246,ಪ್ರಣಯ,1
619,ಕಲ್ಪನಾತ್ಮಕ,1
1082,ಗುದ್ದು,0
96,ಕಲ್ಪನೆ,0
380,ಬಾಗಿದ,0
834,ದುರಂತಕ್ಕೆ,0
276,ಯೋಗ್ಯ,1
397,ಫ್ರಾಸ್ಟ್,0
335,ಪ್ರಾಧಾನ್ಯತೆ,1
543,ಮರೆಯಲಾಗದ,1
814,ಕನ್ಯೆ,0
107,ವಿಜಯ,1
120,ಸ್ವತಂತ್ರವಾಗಿ,1
360,ಕಸ,0
815,ಒಳಸಂಚಿನ,0
301,ಸಮಗ್ರವಾಗಿ,0
418,ಸ್ಪಷ್ಟತೆ,1
1236,ವಿಡಂಬನಾತ್ಮಕವಾಗಿ,0
29,ಮಾದರಿ,1
172,ಅರ್ಹತೆ,1
889,ತ್ರಾಸದಾಯಕ,0
1080,ತಪ್ಪುಗ್ರಹಿಕೆಯ,0
927,ಅತಿಕ್ರಮ,0
534,modern,1
108,ಪೂರ್ಣವಾಗಿ,0
858,ಪ್ರೀತಿಸು,1
544,issues,0
281,ಆಕಸ್ಮಿಕ,0
777,ಕರಗುವಿಕೆ,0
125,ಭರವಸೆ,1
80,ವ್ಯಕ್ತಿಗಳ,1
486,ಹಿರಿಮೆ,1
506,ಪೂರಕವಾಗಿದೆ,1
703,ಪ್ರಿಯತಮ,1
30,ಸುಲಭವಾಗಿ,1
655,ಅಪ್ಪಳಿಕೆ,0
1072,ಬರ್ಬರ,0
206,ಆಸೆ,0
652,ಎಳೆಯಲು,0
611,ಸಮರ್ಪಿಸಿದ,1
787,easy,1
865,ತೃಪ್ತಿಕರ,1
778,ಕಂಪಿಸುವ,0
867,ತಾಳುವ,1
862,ತಲೆಕೆಳಗು,0
343,ಇಲ್ಲದಿರುವುದು,0
694,ಕೊಡು,1
567,ಮುರಿತ,0
216,ಉಗ್ರ,0
368,ಚೂಪಾದ,1
400,ವಂಚನೆ,0
991,ಖಂಡನೆ,0
742,correct,1
192,ತಡವಾಗಿ,0
516,ಮುನಿ,0
570,ಬಿರುಕುಗಳು,0
1160,ಅಪಾದನೆ,0
883,ಮೃದುತ್ವ,0
395,ಭಿನ್ನತೆಗಳು,0
431,ವರ್ಧಿತ,1
809,ಪ್ರಯಾಸದ,0
639,ಗತಿಸಿದ,0
355,top,1
415,ಗೊಬ್ಬರ,0
790,ಹೃದಯಸ್ಪರ್ಶಿ,1
150,ಸೌಂದರ್ಯ,1
1077,ದುಷ್ಕೃತ್ಯಗಳ,0
548,ನಿಮಿತ್ತ,1
409,ಕುದಿಯುವ,0
47,ನಿಯಮ,0
410,ಕೌಶಲ,1
249,ನಾರು,0
271,ಸಾಧನೆಗಳು,1
869,ಗ್ರಹಿಸಬಲ್ಲ,1
1019,ಸಿಡಿಯುವ,0
28,ಪ್ರಚಾರ,0
632,ಗೌರವಯುತ,1
861,ತಿರುಚಿದ,0
332,ಗೌರವಿಸಿತು,1
968,ಸ್ರಾವಕ,0
428,ಸುಪ್ತ,0
23,ಅಧಿಕೃತ,1
773,ಶಂಕೆ,0
960,ಅಸಹ್ಯಕರ,0
520,ನ್ಯಾಯವಾದ,1
956,ಒಂಟಿತನ,0
349,ವಿಶಾಲವಾಗಿ,1
805,ವದಂತಿಯನ್ನು,0
429,ಸಂಚು,0
268,ಮಿತಿಗಳನ್ನು,0
258,ಮಾರಕ,0
966,concern,0
551,ತಾರತಮ್ಯದ,0
170,ಅನಧಿಕೃತ,0
361,ಕಟು,0
816,helping,1
225,ಅಪರಾಧಿ,0
1217,ಅನುಪಸ್ಥಿತಿ,0
288,ದೃಢವಾಗಿ,1
510,ಪ್ರಕ್ಷುಬ್ಧ,0
220,ಧರಿಸುತ್ತಾರೆ,0
524,ಘನವಾದ,1
504,ಅಡಚಣೆ,0
559,ನರಕ,0
146,ಆದ್ಯತೆ,1
1060,ಹಾಸ್ಯಾಸ್ಪದವಾಗಿ,0
309,ಕಿರುಕುಳ,0
120,ಕುಸಿತ,0
296,ಅನುಭವಿಸಿತು,1
574,ಉತ್ಕರ್ಷ,1
1073,ಪರಿಚಯವಿಲ್ಲದ,0
75,ಅತಿಯಾದ,0
781,ಅಡಚಣೆಗಳು,0
721,ಗತ,0
46,ಬಾವಿ,1
36,ಮಾರ್ಗ,0
140,ನಿಜವಾಗಿ,1
324,ಬುದ್ಧಿವಂತ,1
1232,ಸರಿಯಲ್ಲದ,0
1194,ನಿಷ್ಠುರವಾಗಿ,0
1033,ನಿಷ್ಫಲ,0
900,ಅಗೌರವ,0
1234,ವಿಳಂಬವಾದ,0
103,ತನ್ಮೂಲಕ,0
669,ಕಿರಿಕಿರಿ,0
252,ಅಭಿವೃದ್ದಿ,1
998,ಉಚ್ಚಾಟನೆ,0
377,ಸಂವೇದನೆ,1
697,ಸಂನ್ಯಾಸ,0
1031,ಪಾಳುಬಿದ್ದ,0
333,ಸಮರ್ಪಕ,1
1152,ಉಗ್ರವಾದಿ,0
1050,ಅಳತೆಮೀರಿದ,0
170,ಹಬ್ಬದ,1
1207,ಎಚ್ಚೆತ್ತ,0
759,ನಿರ್ದಯ,0
141,ತಾರ್ಕಿಕ,1
385,ಸಂಘರ್ಷದ,0
308,ಭ್ರಷ್ಟಾಚಾರ,0
144,ಮನ್ನಣೆ,1
392,ರಮ್ಯ,1
641,ಒಲ್ಲದ,0
141,ಹೊಡೆತ,0
868,ಈಡಾಗುತ್ತವೆ,0
167,ಕಳೆದು,0
763,ಇಷ್ಟಪಡಲಿಲ್ಲ,0
474,ವದಂತಿ,1
33,ಮರಣ,0
785,ಅದ್ದೂರಿಯಾಗಿ,1
535,ಸಿಹಿಯಾದ,1
723,ಸಫಲವಾದ,1
267,ಕುಶಲ,1
1014,dead,0
466,ಮಿತಿಮೀರಿ,1
990,ಘೋರವಾದ,0
601,appropriate,1
755,ಬಳಲಿಕೆ,0
165,ಹಾರ್ಡಿ,1
40,ಬೆಂಬಲ,1
142,ಟಾಪ್,1
515,ವಿಧಿಸಲು,0
533,ಅನುಕೂಲಕರವಾಗಿ,1
192,ಆಚರಣೆ,1
501,ದೆವ್ವದ,0
854,ಮಹಾಪುರುಷ,1
372,ಪ್ರತಿಫಲ,1
308,ಹಗುರವಾದ,1
448,ಬದ್ಧತೆ,1
334,ನಟಿಸುವ,0
1139,ತಿಕ್ಕಾಟ,0
50,ಹೋರಾಟ,0
4,ಕೆಲಸ,1
213,ಉತ್ಪಾದಕ,1
196,ಶ್ರಮ,0
740,popular,1
833,ನಿಗೂಢವಾಗಿ,0
93,ಲಾಭ,1
1100,ಅನಕ್ಷರಸ್ಥ,0
465,ಸೌಹಾರ್ದ,1
476,ವಿಚಿತ್ರವಾದ,0
250,ದೂರು,0
79,ಕಷ್ಟ,0
183,ಉತ್ಕೃಷ್ಟ,1
377,ಅಸಮಾಧಾನ,0
744,ಸ೦ಪೂರ್ಣ,1
405,ಅತ್ಯುತ್ಕೃಷ್ಟ,1
938,ಮಡ್ಡಿ,0
1126,ಫಕ್,0
576,ಅತ್ಯಾಕರ್ಷಕ,1
846,split,0
90,ಋಣಾತ್ಮಕ,0
745,ಶಾ೦ತಿ,1
829,ಪರಿಹಾರಕ,1
803,ಶಂಕಿತ,0
275,ವಿಗ್ರಹ,1
905,backward,0
526,ಹೊಸತನ,1
551,ಏಕತೆ,1
834,ಜಾಣತನದಿಂದ,1
282,ಅಲರ್ಜಿ,0
595,ರತ್ನಗಳು,1
871,ಕಾರ್ಯತತ್ಪರತೆ,1
13,ವಿಜ್ಞಾನ,0
914,ಪ್ರಯಾಸಕರ,0
130,ಮಹಾನ್,1
587,ಪ್ರತಿಭಟನಾಕಾರರು,0
92,ಉಚಿತ,1
876,wonderful,1
978,ಮೂರ್ಖ,0
774,ನಿರ್ಲಕ್ಷ್ಯ,0
441,ವಾಗ್ದಾನ,1
724,ಕುಸಿಯಲು,0
521,ಸುವ್ಯವಸ್ಥಿತ,1
620,ಇಚ್ಛಿಸುವ,1
618,ಮುಳುಗಿದ,0
947,ದರೋಡೆಕೋರ,0
860,ಪುನಃಸ್ಥಾಪಿಸಲು,1
1005,ಅಲಭ್ಯ,0
486,ಪತನ,0
433,ಪ್ರತಿಷ್ಟಿತ,1
315,ಕ್ರಿಮಿನಲ್,0
414,ನಿಪುಣ,1
213,ಅಸ್ವಸ್ಥತೆ,0
425,ಆಳವಿಲ್ಲದ,0
1202,ಕ್ಷುದ್ರ,0
653,ಎತ್ತು,1
177,ನಿಧಿ,1
704,ಪ್ರದರ್ಶನಾತ್ಮಕ,1
1122,ಮಂಕು,0
338,ಸುಖ,1
543,ಇಕ್ಕಟ್ಟಾದ,0
729,hard,0
432,ಪ್ರಶಾಂತ,1
674,ಅಪಹಾಸ್ಯ,0
1086,ಕಾಡುತ್ತಿದೆ,0
145,ಪ್ರೀತಿಯ,1
503,ಜಗಳ,0
110,ಗುಂಡು,0
45,ನೆಲದ,0
59,ಲೈಂಗಿಕ,1
705,ಪುನರ್ರಚನೆ,1
524,ಪ್ರಾಮುಖ್ಯ,0
573,ಕಲ್ಪಿಸುವುದು,0
118,ಸುಧಾರಣೆ,1
99,ಮಿಶ್ರಿತ,0
870,ಕೌಶಲದಿಂದ,1
1153,ಇಷ್ಟವಿಲ್ಲದೆ,0
514,ಅನೈತಿಕ,0
445,ಕುಣಿತ,0
710,ತೆಳ್ಳಗೆ,1
772,ಪ್ರಶಾಂತತೆ,1
184,ದುಷ್ಟ,0
917,ಡ್ರ್ಯಾಗ್,0
102,ದುರ್ಬಲ,0
782,infringement,0
146,ವ್ಯಂಗ್ಯಚಿತ್ರ,0
806,ಮಲಿನ,0
321,ಸಾಮ್ರಾಜ್ಯಶಾಹಿ,0
852,ಮೆತ್ತೆ,1
476,ಆಸಕ್ತಿಗಳು,1
17,ವಸ್ತು,0
518,ದಬ್ಬಾಳಿಕೆಯ,0
246,ಸುಟ್ಟು,0
379,ವಿರೋಧದ,0
332,ಆವರಿಸಿರುವ,0
384,ಸನ್ನದು,0
31,ಸಾಮರ್ಥ್ಯ,1
1243,ಭ್ರಮೆಯು,0
76,ಸಾಧಾರಣ,1
769,undefined,0
347,ತಗ್ಗು,0
335,ಅಲೆಮಾರಿ,0
672,ಕಂಪು,1
412,ಹುರಿದ,0
1096,ಅಲ್ಲಗಳೆದ,0
735,ವಾಸನೆಯ,0
816,ಆಚೆಯ,0
595,ಅನನುಭವಿ,0
1156,ಅಸಾಧ್ಯವಾಗಿ,0
720,ಗುಳ್ಳೆ,0
888,ಸೌಜನ್ಯದ,1
637,ಸಂಘಟನೆಯಿಂದ,1
219,ಬಹಳವಾಗಿ,1
645,ಸಂಕಟ,0
727,ಫಲಪ್ರದ,1
1141,ಚುಚ್ಚು,0
569,ಪ್ರಗತಿಗಳು,1
1147,ಕಾಲಜ್ಞಾನದ,0
228,ರಾಜತಾಂತ್ರಿಕ,1
1028,ಪ್ರಮಾದ,0
896,ಪರಿಣತರಾಗಿದ್ದರು,1
903,failed,0
64,ಸಮಸ್ಯೆಗಳು,0
16,ಪುರಾತನ,0
110,ಪೂರಕ,1
502,speedy,1
854,ಬಿಡಬಹುದು,0
180,ಸಾಧ್ಯವಾಗುವುದಿಲ್ಲ,0
699,ಪುಡಿಮಾಡಿದ,0
437,ಕೃತಜ್ಞತೆ,1
1133,ದುರ್ಭರ,0
100,ಸೂಪರ್,1
44,ಪವಿತ್ರ,1
632,ಹತ್ಯಾಕಾಂಡ,0
880,ಸಿಟ್ಟಿಗೆದ್ದ,0
1145,ಕೊಲ್ಲು,0
734,ಸಮರ್ಥಕರು,0
751,ವಿಪತ್ತುಗಳು,0
856,ಮಂಗಳಕರ,1
330,ಉತ್ತೇಜಕ,1
702,ಬುದ್ಧಿಶಕ್ತಿ,1
1070,ಬೆಣೆ,0
198,ವಾಪಸು,0
435,ಉತ್ಸಾಹದಿಂದ,1
370,ಅರ್ಹ,1
840,ಅಪಮಾನ,0
823,ಮನಮುಟ್ಟುವ,1
225,ರುಚಿ,1
306,ಬೆಲೆಬಾಳುವ,1
572,ಗಲಭೆ,0
489,ಕೊಳೆತ,0
1018,ಸ್ವಾರ್ಥದ,0
744,ಆಯಾಸ,0
1187,ಮೇಘ,0
498,ಮಿಠಾಯಿ,0
285,ಪ್ರತಿಬಂಧಕ,0
464,useful,1
604,ಸನ್ನಿ,0
424,ಕಾರ್ಪ್,0
1229,ಹಚ್ಚು,0
953,ಕೆರಳಿದ,0
287,ಉತ್ಸಾಹ,1
853,ಮೂರ್ಖತನ,1
63,ಗಡಿ,0
907,ಹಾಳುಮಾಡುತ್ತದೆ,0
346,ವಿನಾಶಕಾರಿ,0
537,ಮೃದುವಾಗಿ,1
359,ತಟ್ಟೆ,0
87,ಪದಗಳು,0
555,ಬಾಗುವ,1
879,ಸಿನಿಕತೆ,0
274,ಮುದ್ರೆ,1
98,ತ್ಯಾಜ್ಯ,0
892,ಮನರಂಜಿಸುವ,1
739,progress,1
832,ನಗುತ್ತಿರುವ,1
642,ಅತಿಕ್ರಮಣ,0
139,ಅನುಕೂಲ,1
751,ಜಯಶಾಲಿ,1
352,ತಪ್ಪುಗಳನ್ನು,0
361,ವರ್ಣನೆ,1
810,ಅನುಭವವಿಲ್ಲದ,1
767,ಅಸಂಭವ,0
561,ಕೊಳಕು,0
460,ಪ್ರಾಮಾಣಿಕತೆ,1
8,ಅಧಿಕ,0
628,ಅತಿಸೂಕ್ಷ್ಮ,0
1123,ಬಿಚ್ಚು,0
3,ಬಹಳ,0
746,ಅಸ್ಪಷ್ಟತೆ,0
300,ಋಣ,0
39,ವ್ಯಾಪಕ,1
752,ಕಾಂತಿ,1
333,ಸೇಡು,0
845,unknown,0
277,ಉಪಯೋಗದ,1
803,ಕೆಚ್ಚು,1
67,ನಂಬಿಕೆ,1
474,ಅಸಂಬದ್ಧ,0
53,ಕೃತಿಗಳು,1
440,protection,1
429,ಚುರುಕಾದ,1
322,ಹಾಸ್ಯದ,1
660,ಶಾರ್ಕ್,0
488,ಅನುಸರಣೆ,1
1049,ಅಸಡ್ಡೆ,0
625,ಉಬ್ಬಿದ,0
71,ತಯಾರಿಕೆ,0
492,ವಿದ್ಯಾವಂತ,1
1108,ಸೋಮಾರಿ,0
496,ವಿನಾಯಿತಿಯನ್ನು,1
687,ಸೆರೆಯಾಳುಗಳು,1
735,ಅಭಿನಂದನೆ,1
764,famous,1
461,ಆಕರ್ಷಕವಾಗಿ,1
1165,refused,0
766,ಅಸಮರ್ಪಕವಾಗಿ,0
321,ಆಕರ್ಷಿಸುತ್ತದೆ,1
1247,ಪ್ರಶ್ನಾರ್ಥಕ,0
69,ಹಕ್ಕು,1
438,ಆಸರೆ,1
728,ಪ್ರಾಮಾಣಿಕವಾದ,1
123,ನಿರಾಕರಿಸಿದರು,0
693,ಸಾಯಿಸುವ,0
727,ಆತಂಕದ,0
1195,ನಿರ್ಲಿಪ್ತ,0
12,ಕಳೆದ,0
156,ಅಭಿಮಾನಿಗಳು,1
217,ವ್ಯತಿರಿಕ್ತ,0
326,ಕ್ಷಮೆ,1
162,ಪ್ರತಿಸ್ಪರ್ಧಿ,0
18,ಧಾರ್ಮಿಕ,1
443,ಪ್ರಾಧಾನ್ಯ,1
13,ಜನಪ್ರಿಯ,1
256,ಸ್ಥಿರವಾಗಿ,1
457,ಶೋಷಣೆ,0
320,ಪ್ರಾಮಾಣಿಕ,1
918,ಜಿಗುಟಾದ,0
472,ಒಡಂಬಡಿಕೆಯನ್ನು,1
760,ಗದ್ದಲ,0
824,ಭರ್ಜರಿಯಾಗಿ,1
987,ಡಿಸೈರ್,0
579,ಒಡಕು,0
863,ನಿರ್ವಿವಾದವಾಗಿ,1
957,ಉದ್ವಿಗ್ನ,0
1098,ಅನುಮಾನಾಸ್ಪದವಾಗಿ,0
224,ಭಾರವಾದ,0
244,ಶಕ್ತಿಯುತ,1
1197,ಧೂಮ,0
693,ಚಿಕ್,1
294,ಒರಟು,0
519,ಕೆಳದರ್ಜೆಯ,0
210,ಪ್ಯಾನ್,0
677,ಸರಿಪಡಿಸುವಿಕೆ,1
118,ಸತ್ತ,0
758,worth,1
263,ಜಾಮ್,0
50,ಸ್ಪಷ್ಟವಾಗಿ,1
843,defeat,1
1168,opposition,0
830,ನಿಶ್ಯಬ್ದ,1
239,ಜ್ವರ,0
784,ಅಮಿತ,1
935,ವಿಸರ್ಜಿಸುವ,0
80,ಕಚ್ಚಾ,0
164,ಆಕರ್ಷಕ,1
582,revert,0
516,ಸುರಕ್ಷಿತವಾದ,1
210,ತಕ್ಕ,1
41,ಅಪಾಯಕಾರಿ,0
553,ಸಾಧಕ,1
403,ಒಪ್ಪಿ,1
774,ನೆಮ್ಮದಿಯಿಂದ,1
24,ತೆರಿಗೆ,0
556,ವಂಚನೆಯ,0
381,ಪರಿಶುದ್ಧ,1
800,ತುತ್ತತುದಿ,1
1124,ಬಾಲಿಶ,0
1196,ನಿರಂಕುಶಾಧಿಕಾರಿ,0
359,ಪ್ರಖ್ಯಾತಿ,1
941,ಬಂದೀಖಾನೆ,0
181,ಮಾರ್ಗದರ್ಶನ,1
596,error,0
662,ಸಾಂತ್ವನ,1
503,better,1
836,ಕಳಂಕ,0
690,ಮಹತ್ವಾಕಾಂಕ್ಷೆ,1
311,ಶಿಖರ,1
436,ಸಂರಕ್ಷಕ,1
920,ಗವಿ,0
145,ಬಡತನ,0
844,ಅಂಗವಿಕಲ,0
1064,ಶಿಕ್ಷಾರ್ಹ,0
526,ಹತ್ಯೆಗೆ,0
1204,ಕಡಿ,0
812,significant,1
3,ಉತ್ತಮ,1
838,ಎಡಗಡೆಯ,0
405,ಅಸಹಕಾರ,0
124,ಜಯ,1
460,ಮಿತವಾದ,0
253,ಬಂಡಾಯ,0
1157,ಅಸಂಬದ್ಧತೆಯ,0
27,ಆಸಕ್ತಿ,0
181,ನಕಲಿ,0
165,ಬಿಕ್ಕಟ್ಟಿನ,0
1191,ಬಾಗದ,0
754,ಭ್ರಾಮಕ,0
700,ಸಕಾಲಿಕ,1
1269,ಏರಿದ್ದು,0
1142,ಚಿಂದಿ,0
598,ವಿಕೃತ,0
1220,trapped,0
906,ಹುಚ್ಚ,0
930,defamatory,0
634,ಸಮಸ್ಯಾತ್ಮಕ,0
664,ನಂಜು,0
102,ಲಭ್ಯವಿರುವ,1
789,ನೂಕು,0
111,ಕ್ರಾಂತಿ,0
252,ಹುಚ್ಚು,0
677,ನ್ಯೂನತೆಗಳು,0
824,ವ್ಯಭಿಚಾರ,0
98,ನಿಖರವಾಗಿ,1
136,ಸಾಹಸ,1
916,ಪಕ್ಷಪಾತಿ,0
329,ವ್ಯಂಗ್ಯ,0
196,ಗಟ್ಟಿ,1
1030,ಪೂರ್ವಗ್ರಹ,0
874,died,0
193,ಅಪರಾಧದ,0
478,ಅದ್ಭುತವಾಗಿ,1
414,ಬಲವಂತದ,0
178,ಹೊಗೆ,0
471,ತಿರಸ್ಕರಿಸಿ,0
254,ಅನುಕೂಲಕರ,1
437,ಮಂದ,0
381,ನಿಲ್ಲಿಸಲಾಯಿತು,0
285,ಪ್ರೇಕ್ಷಣೀಯ,1
105,false,0
257,ಸಾಲಗಳನ್ನು,0
522,ಹಿನ್ನಡೆ,0
706,ಓರೆಯಾದ,0
716,ಉಜ್ವಲವಾದ,1
1256,ತೆಗೆ,0
364,ಸುಲಭವಾದ,1
89,ರೂಪವನ್ನು,0
1113,ವಿಳಂಬಗಳು,0
1267,ಕಚ್ಚುವಿಕೆ,0
993,ಕೆಳಮುಖ,0
79,ಪರಿಣಾಮಕಾರಿ,1
1136,ದುಡುಕಿನ,0
884,dedicated,1
791,ಗುಲಾಮಗಿರಿಗೆ,0
550,ತಾಳ್ಮೆ,1
541,ಕತ್ತಲೆ,0
41,ಯಶಸ್ಸು,1
857,ನೆಗಡಿ,0
691,ಹತಾಶೆ,0
137,ಶಾಶ್ವತ,1
238,ಗೆಲ್ಲಲು,1
180,ಕ್ರಿಯಾತ್ಮಕ,1
661,ಸುಸಂಬದ್ಧ,1
286,ಪ್ರಶಂಸೆ,1
208,ವಿಲಕ್ಷಣ,0
121,ಸುಳ್ಳು,0
806,ಎಬ್ಬಿಸುವ,1
166,ಮೆಚ್ಚುಗೆ,1
530,ಬೂಮ್,1
255,ಗಾಯ,0
270,ಎದುರಾಳಿಯ,0
36,ಮಹತ್ವದ,1
56,ಭಾರಿ,1
138,ಕಲ್ಪನೆಯ,0
287,ಕಲೆಗಳನ್ನು,0
805,ಒಳ್ಳೆಯದೆಂದು,1
538,ತಣ್ಣಗಿನ,0
1179,ವಿಶ್ವಾಸಘಾತುಕ,0
894,ಏಕಾಂಗಿತನ,0
1213,ಅಸಂಬದ್ಧವಾದ,0
1170,lack,0
747,ಬಳಸಬಲ್ಲ,1
1242,ಮಣಿಯದ,0
557,ಗಂಡುಗಲಿ,1
78,ತುಂಬಿದ,0
513,ಯಜಮಾನ,1
289,ದಕ್ಷ,1
533,killed,0
815,love,1
337,ಶತ್ರುಗಳ,0
1093,ಅಸಾಧಾರಣವಾಗಿ,0
1099,ಅನನುಕೂಲ,0
971,ಸಿಡುಕಿನ,0
606,ಪರಿಣಾಮಕಾರಿತ್ವ,1
283,ಅಪಘಾತ,0
174,ಕಡಿದಾದ,0
408,ಕುರುಹು,0
129,ಮಾನ್ಯತೆ,1
232,ಯಾದೃಚ್ಛಿಕ,0
691,ಮಹತ್ವವುಳ್ಳ,1
725,ಎದುರಾಳಿಗಳು,0
147,ವಿಮರ್ಶಕ,0
682,ಕಲುಷಿತ,0
798,ಅಡ್ಡಿಪಡಿಸುವ,0
502,ದೆವ್ವ,0
195,ಬೆಂಬಲಿಸುವ,1
496,ಅವಮಾನ,0
171,ಟ್ರಸ್ಟ್,1
1140,ಜನಪ್ರಿಯವಲ್ಲದ,0
975,ಲಾವಣಿ,0
1246,ಬುದ್ಧಿವಿಕಲ್ಪದ,0
318,ಸವೆತ,0
434,ಘರ್ಷಣೆಗಳು,0
639,ಮಿತವ್ಯಯ,1
618,ತಜ್ಞತೆ,1
642,ಪ್ರಕಾಶಿಸುವ,1
700,ಪರಿಶ್ರಮದ,0
487,ಶುದ್ದ,1
484,ಉದಾತ್ತ,1
752,ಯಾತನೆ,0
749,ಪರಮಾನಂದ,1
58,ಸುಂದರ,1
60,ಚಿನ್ನದ,1
183,ಅನುಭವಿಸಿದ,0
398,ಕಳ್ಳತನ,0
608,ಕಹಳೆ,1
1233,ಸತ್ತುಹೋದ,0
890,ಸಾಧಿಸುತ್ತಾನೆ,1
1138,ದಿವಾಳಿಯಾದ,0
240,ಸುರಕ್ಷಿತವಾಗಿ,1
893,ಮನಃಸ್ಥಿತಿ,1
594,ಅವ್ಯವಸ್ಥೆ,0
57,ನೋವು,0
1020,ಸರಿಯಿಲ್ಲದ,0
85,ನಷ್ಟ,0
844,compatible,1
265,ಗಾಯಗಳು,0
857,ಫಲಭರಿತ,1
776,ಕೊರೆತ,0
842,interesting,1
473,ಉಜ್ವಲ,0
401,ಭಂಗಿ,0
289,ಮಾಡು,0
539,ಬದುಕುಳಿದ,1
1057,ಹೆದರಿದ,0
268,ಆನಂದ,1
158,ಮುಗಿಸಿದ,0
640,ಮಾಟ,1
1069,ಮುಗಿಯದ,0
83,ಕಾಯಿಲೆ,0
702,ಚಂಚಲ,0
65,ಯಶಸ್ವಿ,1
931,critical,0
926,ಅನಗತ್ಯವಾಗಿ,0
186,ಎಡೆ,0
765,ಅಸಹ್ಯ,0
704,ಕುಗ್ಗಿದ,0
1074,ನೆಪ,0
614,ಅನಾಹುತ,0
306,ಮಾರಿ,0
581,ಅದೃಶ್ಯ,0
128,ಗಮನಾರ್ಹವಾದ,1
1112,ವಿಷಣ್ಣತೆ,0
1253,ದುರಾಚಾರದ,0
685,gold,1
767,ಯಶಸ್ವಿಯಾದರೆ,1
472,ಒಳಗಾಗುತ್ತದೆ,0
566,ಸಹಾಯಧನ,1
121,ಗೆಲುವು,1
131,ಜವಾಬ್ದಾರಿಯನ್ನು,1
884,ಬರಿದಾದ,0
1239,ಮುನಿಸು,0
851,ರಾಡಿಕಲ್,0
1037,ದಾಸ್ಯ,0
9,ಅತ್ಯುತ್ತಮ,1
683,ಕದಿಯುವ,0
675,errors,0
1045,ಇಟ್ಟಿದ್ದು,0
432,ತುಕ್ಕು,0
134,ಬದಲಾಯಿಸುವ,0
273,ಬಿರುಗಾಳಿ,0
937,ಮನಸ್ಸಿಲ್ಲದ,0
599,ಪ್ರತಿಭಟಿಸಿದರು,0
797,ಅನಾವಶ್ಯಕ,0
609,ಹುರುಪಿನಿಂದ,1
51,ಚೆನ್ನಾಗಿ,1
713,ಚಿತ್ತಾಕರ್ಷಕ,1
491,ಮುಗ್ಧ,0
485,ಆಸ್ಥಾನದ,1
1115,ರಂಗುರಂಗಿನ,0
743,advanced,1
243,ರಿಯಾಯಿತಿ,0
981,ನಿರಾಶೆಯನ್ನು,0
1025,ಬಿಟ್ಟುಬಿಡುವುದು,0
427,ಅತ್ಯಾಚಾರ,0
457,ಮಾರ್ಗದರ್ಶಕ,1
1119,ಮುಗಿಲು,0
427,ಪಾಂಡಿತ್ಯ,1
483,ಅಣಕು,0
899,ಟಾಪ್ಸ್,1
450,ಉತ್ಸಾಹಿ,1
365,ನಯವಾದ,1
177,ನೋವಿನ,0
19,ಕಲೆ,0
511,ಊತ,0
300,ಸರಾಗವಾಗಿ,1
143,ಹಾದಿ,0
166,ಹಠಾತ್,0
748,ಅಪಕ್ವ,0
342,ಛಾಪು,1
433,ಜನಾಂಗಗಳು,0
612,ಶಕ್ತಿಯುತವಾಗಿ,1
784,ಹತಾಶ,0
1044,ಇಷ್ಟವಾಗಲಿಲ್ಲ,0
874,ಆಹ್ಲಾದಕರವಾದ,1
383,ಹಾನಿಕರ,0
1116,ಮೆಸ್,0
734,ಅರ್ಥವತ್ತಾದ,1
607,ನ್ಯೂನತೆ,0
945,ನಿರಾಶಾವಾದ,0
274,ಒಳಗಾಗುವ,0
1189,ಭವಿಷ್ಯಸೂಚಕ,0
672,ಉದ್ರಿಕ್ತ,0
479,ಸುಧಾರಿಸುತ್ತದೆ,1
407,ದಿನ್,0
420,ಶೌರ್ಯ,1
712,ಜಿಜ್ಞಾಸೆ,1
301,ಕೂಡಲೆ,1
641,ಬೆಲೆಯುಳ್ಳ,1
708,ಪಕ್ವವಾದ,1
636,ಸಮೃದ್ಧಿ,1
195,ಮುತ್ತಿಗೆ,0
657,ಸಿಕ್ಕು,0
762,ಕಳವು,0
435,ಗಡುಸಾದ,0
21,ಉನ್ನತ,1
378,ಸಂಸಾರ,0
888,ದುಃಖದಿಂದ,0
1088,ಒಡ್ಡೊಡ್ಡಾದ,0
760,leading,1
549,ನಂಬುವಂತೆ,1
688,ಸಂತನ,1
45,ಸೂಕ್ಷ್ಮ,1
107,ಮಗು,0
39,ಆಕ್ರಮಣ,0
169,ಪಾತ್ರಗಳ,1
811,ನಿರ್ಬಂಧಿಸಲು,0
144,ಮಿತಿ,0
1125,ಬಲಾತ್ಕಾರ,0
291,ಕಠಿಣವಾದ,0
23,ಕ್ಯಾನ್ಸರ್,0
1227,breaks,0
622,successful,1
976,ರಿಯಾಯಿತಿಗಳನ್ನು,0
741,ಗಾಬರಿ,0
836,ಉತ್ಪತ್ತಿಯಾಗಿ,1
886,ನಿರ್ದಯಿ,0
158,ರಕ್ಷಿಸಲು,1
694,ಸಾಕಷ್ಟಿಲ್ಲದ,0
576,ನಿರಾಶೆ,0
126,ಪದಗಳನ್ನು,1
302,ಶತ್ರು,0
1203,ಕುಂಡ,0
413,ಹಿತ್ತಾಳೆಯ,0
482,ಗೌರವದಿಂದ,1
1052,ಅಡ್ಡಿಯಾಯಿತು,0
638,ಶಿಷ್ಟಾಚಾರಕ್ಕೆ,1
999,ಆಳವಲ್ಲದ,0
936,ಯೋಗ್ಯವಲ್ಲದ,0
588,ಪ್ರತಿಗಾಮಿ,0
1193,ನೋಯುತ್ತಿರುವ,0
248,ತಂಪಾದ,1
72,ಕೊಡುಗೆ,1
164,ಮುರಿದು,0
891,ಛಿದ್ರ,0
97,ಬಿಸಿ,1
202,ಹಂದಿ,0
61,ಹಾಸ್ಯ,1
251,ಅಸ್ಪಷ್ಟ,0
1121,ಮಲವಿಸರ್ಜನೆ,0
570,ತಮಾಷೆಯ,1
138,ನಿಖರವಾದ,1
552,won,1
190,ಆತಂಕ,0
242,ಸ್ಫೂರ್ತಿ,1
859,ಪುನರ್ರಚಿಸಲಾಯಿತು,1
155,ಹಳ್ಳಿಗಾಡಿನ,1
673,ಅಸ್ಥಿರವಾದ,0
109,ನಾಶ,0
1101,ಅಡಗಿಸು,0
89,ಆಧ್ಯಾತ್ಮಿಕ,1
402,ನ್,1
490,ಸರಳೀಕೃತ,0
449,ಪ್ರೀತಿಸುವ,1
666,ಮುದ್ದು,1
265,ಸೌಕರ್ಯ,1
1063,ಸರಿಪಡಿಸಲಾಗದ,0
794,ಅಸ್ವಸ್ಥ,0
229,ಮನರಂಜನೆ,1
272,ಸುಂಕ,0
329,ಹೆಮ್ಮೆಯ,1
994,ಕೆರಳಿಕೆ,0
732,ಆದರ್ಶಪ್ರಾಯವಾದ,1
240,ಸಂಘರ್ಷ,0
1068,ಯದ್ವಾತದ್ವಾ,0
133,ಸುಪ್ರಸಿದ್ಧ,1
211,ನಿಷ್ಕ್ರಿಯ,0
1149,ಒತ್ತುವರಿ,0
961,ಅಸಮಾನತೆಯ,0
547,ಪಡೆಯುತ್ತಿದೆ,1
423,ಕುಖ್ಯಾತ,0
99,ಉತ್ತಮವಾಗಿ,1
453,ಮಹತ್ವಾಕಾಂಕ್ಷೆಯ,1
293,ಲಭ್ಯವಿಲ್ಲ,0
325,ಗ್ರಹಿಸುವ,1
736,ವಾಗ್ವಾದ,0
643,issue,0
406,ಮಾತನಾಡಿದ,0
1248,ನ್ಯೂನತೆಯೆಂದರೆ,0
807,ಅರ್ಥಗರ್ಭಿತವಾದ,1
837,ಇಷ್ಟವಾಯಿತು,1
319,ನಿವಾರಣೆ,0
482,ಅನುಚಿತ,0
575,ಆಶಾದಾಯಕ,1
688,ಅನಿಶ್ಚಿತತೆ,0
591,ತಿಳಿಯದ,0
900,ಜ್ಞಾನಿಯಾದ,1
54,ಪೂರ್ತಿ,0
88,ಹಾನಿ,0
24,ಪರಿಣಾಮ,1
259,ಅಸಮರ್ಪಕ,0
461,ಬಿರುಗಾಳಿಯ,0
262,ತಪ್ಪಾದ,0
508,ವಿಫಲತೆ,0
509,ಕುತೂಹಲಕಾರಿ,1
84,ಪರಿಣಾಮಕಾರಿಯಾಗಿ,1
404,ಗಂಟಲು,0
709,ನಿಚ್ಚಳ,1
634,protect,1
753,ಮುಳ್ಳಿನ,0
389,ಅನಿರ್ದಿಷ್ಟ,0
157,ನಿಕಟ,1
895,ಆಮಿಷ,0
574,ಈಡಾದ,0
984,ದಪ್ಪಗಿನ,0
701,ಯೌವನದ,1
1176,ಸಿಡಿಗುಂಡು,0
190,ಪ್ರಸಿದ್ಧವಾದ,1
35,ಸರಿಯಾದ,1
1,ಅತ್ಯಂತ,1
351,ಬಳಲುತ್ತಿರುವ,0
337,ಪರಿಣತಿಯನ್ನು,1
569,ಬೇಲಿ,0
1091,ಎಡವಿ,0
127,ಕಾಳಜಿ,0
775,ನಮ್ರತೆ,1
255,ರಚನಾತ್ಮಕ,1
1164,slow,0
773,ಪರಾಕ್ರಮ,1
629,ಅಜ್ಞಾನ,0
339,ಮಹೋನ್ನತ,1
1000,ಆಕ್ರಮಣಕಾರ,0
229,ಅಪೂರ್ಣ,0
532,ಕಾರ್ಯಸಾಧ್ಯ,1
16,ಕಾರ್ಯ,1
902,ಒಳ್ಳೆಯತನ,1
270,ಲಾಭದಾಯಕ,1
380,ಪರಿಶ್ರಮ,1
1094,ಅಸಹನೆಯ,0
416,ಗಾಢವಾಗಿ,1
623,ಕ್ಷುಲ್ಲಕ,0
684,ಆಶ್ಚರ್ಯಕರವಾಗಿ,0
1230,ಸುಲಿದ,0
48,ಗೌರವ,1
127,ಸರಿ,1
376,ಕಡಿತ,0
644,ಸ್ಥೂಲಕಾಯತೆ,0
761,humor,1
325,ಹಲ್ಲೆ,0
26,ಅಂತಹ,1
509,ರೋಗಲಕ್ಷಣ,0
712,ಹೊಲಸು,0
422,ವಿಧ್ವಂಸಕ,0
555,ಅಡ್ಡಿ,0
868,ಚತುರತೆಯಿಂದ,1
1015,broken,0
390,ಡಿಕ್,0
850,ಸಾಧಿಸಬಹುದಾದ,1
501,ಅಶ್ವದಳದ,1
345,ಪ್ರವರ್ತಕ,1
480,ಧನ್ಯವಾದ,1
342,ದುಃಖ,0
772,ಹಗೆ,0
753,ಓದಬಹುದಾದ,1
717,ಆಶಾವಾದ,1
946,ನಾಶಮಾಡುತ್ತದೆ,0
27,ಗಮನಾರ್ಹ,1
648,ಯುಕ್ತವಾದ,1
159,ಬೆನ್ನು,0
430,ಗಣ್ಯರು,1
456,ಸ್ಥಿತಿಯಲ್ಲಿರುವ,0
684,lead,1
878,ಸೂಳೆ,0
596,ಮಿತಿಯಿಲ್ಲದ,1
241,ಸೋರಿಕೆ,0
307,ಮರುಭೂಮಿ,0
825,ಬೆಡಗು,1
1266,ಕೂರುವ,0
20,ಮೂಲಭೂತ,0
599,ಅನಾಯಾಸವಾಗಿ,1
464,ಕೆಸರು,0
1106,fall,0
891,ಸದ್ದಿಲ್ಲದ,1
553,ಅವನತಿಗೆ,0
604,ಪುರಸ್ಕಾರಗಳನ್ನು,1
842,ಅಡೆತಡೆ,0
93,ಜನಾಂಗ,0
814,master,1
1257,ತುರಿಕೆ,0
25,ವಿಶಿಷ್ಟ,1
135,ವಿರಾಮ,0
410,ಕಂಪನ,0
665,ಮೂಲಾಧಾರವಾಗಿದೆ,1
61,ಕಲ್ಲಿನ,0
686,ಸ್ವತ೦ತ್ರ,1
512,ಸಂಭ್ರಮದಿಂದ,1
1092,ಇಷ್ಟಪಡದ,0
865,ಗಂಡಾಂತರ,0
51,ಸಮಸ್ಯೆ,0
84,ಬಾಂಬ್,0
1222,puppet,0
781,ಆರಾಮದಾಯಕ,1
862,ನಿರ್ವಿವಾದವಾದ,1
179,ಮನಸ್ಸಿನ,1
940,ಬಡಿ,0
318,ಸುಂದರವಾಗಿ,1
2,ವಿರುದ್ಧ,0
504,ಸಿರಿವಂತ,1
667,ತುದಿಗಳು,0
1178,ಶಕ್ತಿಗುಂದಿಸುವ,0
478,ರಕ್ತಸ್ರಾವ,0
81,ಖ್ಯಾತ,1
182,ಸವಾಲು,0
494,ಉಳಿಕೆ,0
621,ನಂಬಿಕೆಯಿಂದ,0
392,ಕುಡಿದು,0
866,ಕ್ರೌರ್ಯ,0
149,ಗುಲಾಬಿ,1
923,ಅಸಹನೆ,0
668,ಬುಗ್ಗೆ,1
626,ಉತ್ಕಟ,0
765,ಸ್ವಂತಿಕೆ,1
958,ಉತ್ಸಾಹಪೂರ್ಣ,0
1008,ಅನುಚಿತವಾಗಿ,0
508,ತಿಳುವಳಿಕೆಯ,1
548,ಬಹಿಷ್ಕಾರ,0
510,ಆಕರ್ಷಕವಾದ,1
298,ಧೂಳು,0
207,ವಿಷಕಾರಿ,0
692,ಹಗೆತನ,0
541,ಅದ್ಭುತಗಳ,1
212,ಪ್ರತಿಭಟನೆ,0
860,ದಣಿವು,0
253,ಮೃದುವಾದ,1
499,ಧನಾತ್ಮಕವಾಗಿ,1
719,ಥಟ್ಟನೆ,0
1245,ಬೊಬ್ಬೆ,0
750,ಹಿಡಿ,0
393,ಪ್ರಕಾಶಕ,1
216,ಪಾರದರ್ಶಕ,1
406,ಹರಳು,1
1001,ಅಸಮರ್ಥತೆ,0
635,ಹಿತ,1
373,ಪ್ರಕಾಶ,1
296,ಬರ,0
218,ಅನಂತ,1
828,ಬಸ್ಟ್,0
670,ಕಲಹ,0
1046,ಆಲಸ್ಯ,0
426,ಆಪಾದನೆ,0
452,ಮುಷ್ಕರ,0
997,ಎಲ್ಲರಲ್ಲಿಯೂ,0
685,ಆವಿಯಾಗುವ,0
500,ನಿಂದನೆ,0
149,ಹತ್ಯೆ,0
593,ಏರಿಳಿತ,0
563,ಉರಿ,0
887,ಹರ್ಷದಿಂದ,1
620,ನ್ಯೂನತೆಗಳನ್ನು,0
263,ವಿಶ್ವಾಸ,1
33,ಸ್ವಾತಂತ್ರ್ಯ,1
839,ಆನಂದಿಸಿ,1
8,ಬಿಡುಗಡೆ,1
911,ಬಿಗಿತ,0
415,ಘನತೆ,1
37,ಸೂಕ್ತ,1
203,ಸದ್ದು,0
713,ಹೆದರಿಕೆ,0
623,enough,1
362,ಒತ್ತಾಯ,0
187,ವಿಷ,0
122,ಒಣ,0
873,sin,0
756,ಬಡವ,0
48,ಸಂಬಂಧಪಟ್ಟ,0
365,ಅಕ್ರಮವಾಗಿ,0
376,ಸಂಸ್ಕರಿಸಿದ,1
266,ವಿವಾದಿತ,0
813,safely,1
391,ವರ್ಣರಂಜಿತ,1
349,ಆಡುವಾಗ,0
731,ಏರಿಸುವುದು,1
671,ಕಠೋರ,0
116,ವಾಸ್ತವಿಕ,1
679,ವಿಜಯಿಯಾದ,1
722,ಕ್ರೂರವಾಗಿ,0
1185,ರಕ್ತಮಯ,0
766,ಶ್ರದ್ಧಾವಂತ,1
167,ಭವ್ಯ,1
314,ದಿವ್ಯ,1
536,ವಿನಯ,1
680,ಮಾನ್ಯತೆಗೆ,1
298,well,1
780,ಎಳೆಯುವುದು,1
568,ವಿನೋದದ,1
7,ಆಧುನಿಕ,1
696,ಸವಾಲಿನ,0
143,ವಿಭಾಗಗಳು,1
136,ಕಾಡಿನ,0
667,ಮನಃಪೂರ್ವಕವಾಗಿ,1
383,ಪ್ರಿಯವಾದ,1
645,ಆರಾಮವಾಗಿ,1
452,ಶಿಫಾರಸುಗಳನ್ನು,1
354,ಉದಾರ,1
77,ರೋಗದ,1
581,ಅರಿ,1
1144,ಕ್ರಮವಲ್ಲದ,0
247,ದತ್ತಿ,1
525,ಅನುಕೂಲವಾದ,1
462,ಅಹಂಕಾರ,1
26,ವಿರೋಧಿ,0
849,ಸ್ವಚ್ಛಂದ,0
902,suicide,0
369,ಐಷಾರಾಮಿ,1
678,ತಕರಾರು,0
739,ಬಿರುಸಾಗಿ,0
117,ಕಾಯಿಲೆಯ,0
230,ಕಲಿಕೆ,0
371,ಸೌಮ್ಯ,1
74,ಇಲ್ಲದ,0
448,ಸುರುಳಿಯಾಕಾರದ,0
1036,ದೂಷಣೆ,0
385,ಅದ್ಭುತವಾದ,1
732,ಹಾಕು,0
188,ಟ್ಯಾಂಕ್,0
336,ಪ್ರಕಾಶಮಾನವಾದ,1
731,ಹಾಸ್ಯಾಸ್ಪದ,0
302,free,1
353,ಕುಸಿತವನ್ನು,0
463,ಚರ್ಮವು,0
577,ಧ್ವಂಸ,0
1143,ಗೈರುಹಾಜರಿ,0
1118,ಮುಜುಗರದ,0
292,ಸೃಜನಾತ್ಮಕ,1
658,ಸಾಗಿದರು,0
152,ಎದುರಾಳಿ,0
531,ಜಾಣ,1
233,ಸಂಪಾದನೆ,1
571,ಜಾಣ್ಮೆ,1
42,ಸರಿಯಾಗಿ,1
328,ಕಥಾವಸ್ತು,0
400,welcome,1
319,ಹೊಳಪು,1
449,ಸಡಿಲ,0
802,ಚೆಲುವಾದ,1
338,ನಿಧನದ,0
222,ಅಸ್ಥಿರ,0
57,ಅಪಾರ,1
386,ಕ್ರಾಂತಿಕಾರಕ,1
62,ದಾರಿ,1
399,ಸೊಗಸಾದ,1
801,ಜವಾಬ್ದಾರಿಯುತವಾಗಿ,1
417,ಬರ್ನ್,0
779,ಒಪ್ಪಬಹುದಾದ,1
746,ವರ್ಧನೆಯು,1
273,ಸ್ಥಿರತೆ,1
372,ಸಿಡಿ,0
254,ನಿರ್ಣಯಕ್ಕೆ,0
343,support,1
469,ಅನುಕೂಲಕ್ಕಾಗಿ,1
307,ಪ್ರತಿಪಾದಿಸಿದರು,1
795,ಅನ್ಯಾಯ,0
418,ತಿರಸ್ಕರಿಸಿದ,0
1054,invalid,0
1162,ಅಜಾಗರೂಕ,0
883,encourage,1
367,ಪೂರ್ವಭಾವಿಯಾಗಿ,1
841,ಅನುಪಯುಕ್ತ,0
85,ಬಲವಾದ,1
