,word,polarity
0,ಕೆಡುಕಿನ,0
1,ಅಸಂಗತ,0
2,ಹೆಪ್ಪುಗಟ್ಟಿದ,0
3,attacks,0
4,ನಾಯಕಿ,1
5,ಕುಗ್ಗಿದ,0
6,ಹೆಚ್ಚಿಸುತ್ತದೆ,1
7,ಅಸ್ಪಷ್ಟ,0
8,ಪರಿತ್ಯಾಗ,0
9,ಮತ,0
10,ಗಮನಾರ್ಹವಾದ,1
11,ಅತ್ಯಂತ,1
12,ಡೋಲಾಯಮಾನ,0
13,ದೇಶಭಕ್ತ,1
14,ಆಘಾತ,0
15,ಅಲ್ಲಗಳೆಯುತ್ತದೆ,0
16,ಹಗೆತನ,0
17,ಪ್ರಕಾಶಮಾನವಾದ,1
18,ನಿಷಿದ್ಧ,0
19,ಸಾಯುವ,0
20,ಜಿಗುಟಾದ,0
21,ಮೂಲಭೂತವಾದ,0
22,ದುಃಖದಿಂದ,0
23,ಸೃಜನಾತ್ಮಕ,1
24,ಸಮರ್ಥಕರು,0
25,ತಾರತಮ್ಯ,0
26,ಪಡೆಯುತ್ತಿದೆ,1
27,ಎತ್ತು,1
28,ಸಮಾಧಾನ,1
29,ನಿಂದನೆ,0
30,ಪ್ರತಿಭಟಿಸುವ,0
31,ಒತ್ತಾಯ,0
32,disabled,0
33,ಸಮಂಜಸವಾದ,1
34,ಊನ,0
35,ಅರಿ,1
36,ಅನಿಷ್ಟ,0
37,ಸವಾಲಿನ,0
38,ಅಭಿವೃದ್ಧಿ,1
39,ಸಂಪೂರ್ಣ,1
40,ಗುಟ್ಟಿನ,0
41,ಅದೃಷ್ಟ,1
42,ಮನವಿ,1
43,ಮುತ್ತಿಗೆ,0
44,transparent,1
45,ಸಾಧಿಸುತ್ತಾನೆ,1
46,ಅನಾಹುತ,0
47,ಪುನರ್ರಚಿಸಲಾಯಿತು,1
48,ವಂಚಿಸಿ,0
49,ವ್ಯರ್ಥ,0
50,ಕೆಸರು,0
51,ಅವ್ಯವಸ್ಥೆಯ,0
52,ಸಿಟ್ಟಿನಿಂದ,0
53,ಅಲರ್ಜಿ,0
54,ಸಾಧಿಸಬಹುದಾದ,1
55,ಪ್ರೀತಿಸು,1
56,ನಿಯಂತ್ರಣದ,1
57,ವಿಪತ್ತುಗಳ,0
58,ಅದ್ಬುತ,1
59,ಹೆಸರುವಾಸಿಯಾದ,1
60,ಒತ್ತಾಯದ,0
61,ಸರಿಪಡಿಸಲಾಗದ,0
62,ಸಂಭ್ರಮದಿಂದ,1
63,ಮುಂಭಾಗದ,1
64,ಮೃದುತ್ವ,0
65,ಅಸ್ಪಷ್ಟವಾಗಿದೆ,0
66,ತೃಪ್ತಿಕರವಾಗಿ,1
67,ಕಚ್ಚಾ,0
68,ಮರಣ,0
69,ರಮ್ಯ,1
70,ಅಡಚಣೆ,0
71,ಭವಿಷ್ಯಸೂಚಕ,0
72,ಸೌಮ್ಯ,1
73,ದುಃಖ,0
74,ಟ್ರಿಕ್,0
75,ಕ್ಯೆ,1
76,ಹುಚ್ಚಿನ,0
77,ಕೌಶಲ,1
78,ಶಂಕೆ,0
79,ಪವಿತ್ರ,1
80,welcome,1
81,ವಿಶ್ವಾಸಾರ್ಹ,1
82,ಮೆದು,1
83,ಎಡೆ,0
84,ಸಿಟ್ಟಿನ,0
85,ಕೆಟ್ಟದಾಗಿ,0
86,ಕಷ್ಟ,0
87,ಸನ್ನಿ,0
88,ಏರಿಳಿತ,0
89,ಆಸರೆ,1
90,ಸೂಚಿಸಿತು,1
91,ಮಾನನಷ್ಟ,0
92,ಶಕ್ತಿಗುಂದಿಸುವ,0
93,ಅನ್ಯ,0
94,ಅನಾರೋಗ್ಯಕರ,0
95,ಅರಾಜಕತಾವಾದಿ,0
96,ಪರಿಣಾಮಕಾರಿಯಾಗಿ,1
97,ಬಹುಮುಖ,1
98,ಬಿಡುವಿಲ್ಲದ,0
99,ದುರುಪಯೋಗ,0
100,ಶ್ರವ್ಯ,1
101,ರಕ್ಷಣಾತ್ಮಕ,0
102,ದಟ್ಟವಾದ,0
103,ದುರ್ಬಲ,0
104,ಬೆಂಬಲಿಗ,1
105,ಕಹಳೆ,1
106,ಹಿಮ್ಮೆಟ್ಟಿತು,0
107,ಸಾಧಾರಣ,1
108,ಗತ,0
109,ಸುರಕ್ಷಿತವಾದ,1
110,ಸಕಾಲಿಕ,1
111,ಆರಾಧ್ಯ,1
112,puppet,0
113,ವಿಚಿತ್ರವಾದ,0
114,ಸ೦ಪೂರ್ಣ,1
115,ನಶಿಸುವ,0
116,ಲಾಭದಾಯಕ,1
117,ಸಾಧಿಸಿದೆ,1
118,ನಮ್ರತೆ,1
119,disputed,0
120,ಪರಿಶುದ್ಧ,1
121,ನ೦ಬಿಕೆ,1
122,ವಿಮರ್ಶೆ,0
123,ಶಾ೦ತಿ,1
124,ಸಾಧಕ,1
125,ಕನಿಕರ,1
126,ಸುರಕ್ಷಿತವಲ್ಲದ,0
127,ಹತಾಶೆಯಿಂದ,0
128,ಹತ್ತಿರದ,1
129,ಅನುಭವವಿಲ್ಲದ,1
130,ಡಾನ್,1
131,ಉಗ್ರವಾದ,0
132,ಮಹತ್ವಾಕಾಂಕ್ಷೆ,1
133,ಸರಿ,1
134,ಅನಂತ,1
135,ಹುಚ್ಚ,0
136,ಅನುರಾಗ,1
137,ಚಾತುರ್ಯ,1
138,ಅತ್ಯಾಧುನಿಕ,1
139,ರಕ್ತಸ್ರಾವವು,0
140,ಕೆರಳಿಸುವ,0
141,ಪೂರ್ವಭಾವಿಯಾಗಿ,1
142,ಐಷಾರಾಮಿ,1
143,ಹಠಾತ್,0
144,ಅದ್ಭುತಗಳ,1
145,ಸಾಧನವಾದ,0
146,ಪ್ರಾಮಾಣಿಕವಾದ,1
147,ಆಕರ್ಷಿಸುತ್ತದೆ,1
148,protect,1
149,ಜ್ಞಾನಿಯಾದ,1
150,ಅಪಘಾತ,0
151,ನೆಮ್ಮದಿಯ,1
152,ಪ್ರಶಾಂತತೆ,1
153,ಅರ್ಥವತ್ತಾದ,1
154,ಪ್ರೇಕ್ಷಣೀಯ,1
155,ಆತಂಕ,0
156,ಪರಮ,1
157,ಗೈರುಹಾಜರಿ,0
158,ಒಡೆಯುವಿಕೆ,0
159,ದೆವ್ವದ,0
160,ನಿರಂತರತೆಯನ್ನು,1
161,ಉಳಿತಾಯ,1
162,ಮಗು,0
163,ವದಂತಿ,1
164,ಕ್ರಾಂತಿ,0
165,ವಿನೋದ,0
166,equitable,1
167,worked,1
168,ನಿರ್ಲಿಪ್ತ,0
169,ಖಚಿತವಾಗಿಲ್ಲ,0
170,ವಿಭಜಿಸುವ,0
171,ಹೊಲಸು,0
172,ಅಸ್ತಿತ್ವದಲ್ಲಿಲ್ಲ,0
173,ಆಧಾರವಾಗಿರುವ,1
174,ಯದ್ವಾತದ್ವಾ,0
175,defeat,1
176,ಸ್ಥಿರವಾಗಿ,1
177,ಮಡ್ಡಿ,0
178,ಕಳೆಗುಂದಿದ,0
179,ಸಫಲವಾದ,1
180,ವಿನೋದದ,1
181,ಬಿರುಕುಗಳು,0
182,ಸಿದ್ಧ,1
183,ಅಸಾಧ್ಯ,0
184,ಪಾರದರ್ಶಕ,1
185,ಉಚಿತ,1
186,ನಯ,1
187,ಅರ್ಥವಿಲ್ಲದ,0
188,ಎಡೆಬಿಡದೆ,0
189,ಮಚ್ಚೆ,0
190,ರಕ್ಷಣೆ,1
191,ಆಗದ,0
192,ಆಪತ್ತು,0
193,ಬಳಲುತ್ತಿದ್ದಾರೆ,0
194,ಒಪ್ಪುವ,1
195,ಅಳು,0
196,ನಾಸ್ತಿಕ,0
197,ಏಳೆ,0
198,ಆಕ್ರಮಣಕಾರಿ,0
199,ನಯವಾದ,1
200,ಸತತವಾಗಿ,1
201,ನಿರ್ವಿವಾದವಾಗಿ,1
202,ಮುನಿಸು,0
203,ಹಾಸ್ಯಾಸ್ಪದವಾಗಿ,0
204,ಹಂದಿಗಳು,0
205,ಎಳೆಯಲು,0
206,ಸ್ಪಷ್ಟತೆ,1
207,ವಿಘಟನೆಯ,0
208,gold,1
209,ಮಾತನಾಡಿದ,0
210,ಸ್ಪಷ್ಟವಾಗಿ,1
211,ಸಂಸ್ಕರಿಸಿದ,1
212,ಎಲ್ಲರಲ್ಲಿಯೂ,0
213,ಹೋರಾಟ,0
214,ಎಚ್ಚೆತ್ತ,0
215,ಮುಗ್ಧ,0
216,ಪುಟಾಣಿ,0
217,ಆಕರ್ಷಕ,1
218,ಕೆಳಮುಖ,0
219,ಪ್ರಮುಖ,1
220,ಹಾರ್ಡಿ,1
221,ಮಲಿನ,0
222,ಬುದ್ಧಿಶಕ್ತಿ,1
223,ಕಲ್ಪನೆ,0
224,ಮಾಡು,0
225,ಅತ್ಯುತ್ತಮ,1
226,ಟ್ವಿಸ್ಟ್,0
227,ಪ್ರಕಾಶಮಾನ,1
228,ಅಮಾನುಷ,0
229,ಇಷ್ಟವಿಲ್ಲದೆ,0
230,ವಿಜಯಿಯಾದ,1
231,ತಿರಸ್ಕೃತ,0
232,ಬಿಟ್ಟುಬಿಡುವುದು,0
233,ನೋಯುತ್ತಿರುವ,0
234,ಎದ್ದುಕಾಣುವ,0
235,ವಜ್ರ,1
236,ಸ್ವಂತಿಕೆ,1
237,ಕೃತಕ,0
238,ಹೆಸರಾಂತ,1
239,great,1
240,ಸಮಸ್ಯಾತ್ಮಕ,0
241,loss,0
242,ಗಳಿಸಿತು,1
243,ಚಾಚು,0
244,ಅಲರ್ಜಿಗಳು,0
245,ಪ್ರತಿಗಾಮಿ,0
246,ಬೆಂಬಲಿಸುತ್ತದೆ,1
247,ಕಡಿದಾದ,0
248,important,1
249,prompt,1
250,ಅವನತಿ,0
251,ಅನಿಶ್ಚಿತತೆ,0
252,ಚಿಕ್ಕದಾದ,0
253,killing,0
254,ವಿರಳವಾದ,0
255,ದುಡುಕಿನ,0
256,ವದಂತಿಗಳು,0
257,ನಿಜವಾದ,1
258,ಕೊಡು,1
259,ನಂಬಿಕೆಯಿಂದ,0
260,ತಜ್ಞತೆ,1
261,ಎಡಗಡೆಯ,0
262,ತಿಕ್ಕಾಟದ,0
263,ಗವಿ,0
264,ಫಲಪ್ರದ,1
265,ಅಸಹ್ಯ,0
266,ಪಿಕೆಟಿಂಗ್,0
267,ಗುಂಡು,0
268,ಹೊಳೆಯುವ,1
269,ಮುಖ್ಯ,1
270,ವಿಶಿಷ್ಟ,1
271,ತಾಳ್ಮೆ,1
272,ತಳಮಳ,0
273,ಚಿಂತೆ,0
274,ಪ್ರವರ್ತಕ,1
275,hard,0
276,ಅನುಭವ,0
277,ನಿಲುಗಡೆ,0
278,ಬುಗ್ಗೆ,1
279,ಭರವಸೆಯ,1
280,ಕಾರ್ಪ್,0
281,ಪರಿಚಯವಿಲ್ಲದ,0
282,ಸು೦ದರ,1
283,ಅಡೆತಡೆ,0
284,ಕ್ಷಾಮ,0
285,ಕೃತಜ್ಞತೆ,1
286,ಇಷ್ಟಪಡದ,0
287,ಕಥೆ,1
288,ಸ್ಥಿರವಾದ,1
289,ಅಹಂಕಾರ,1
290,ಮನಸ್ಸಿಲ್ಲದೆ,0
291,ಸ್ಯೂ,0
292,ಒರಟು,0
293,ಬದಲಾಯಿಸುವ,0
294,ವಾಗ್ದಾನ,1
295,ಸೌಕರ್ಯ,1
296,ಹಾಸ್ಯಾಸ್ಪದ,0
297,ಶತ್ರುಗಳ,0
298,ಅಪ್ಪಟವಾದ,1
299,ಲೈಂಗಿಕ,1
300,ಅಪೂರ್ಣ,0
301,ಭದ್ರ,1
302,ಅಸಮಾನತೆಯ,0
303,denied,0
304,ವಿಳಂಬವಾದ,0
305,ಚಿಕ್,1
306,ಘರ್ಷಣೆ,0
307,ಮನಸ್ಸಿಲ್ಲದ,0
308,ಕ್ಷಿಪ್ರವಾಗಿ,1
309,compatible,1
310,ನಿಗ್ರಹಿಸಲು,0
311,dispute,0
312,ಜನಾಂಗ,0
313,ನಿರ್ಬಂಧಿಸಲು,0
314,break,0
315,ಉತ್ಕಟ,0
316,ವರ್ಧಿತ,1
317,ಕೆಲಸವಿಲ್ಲದೆ,0
318,ವಿಧ್ವಂಸಕ,0
319,ಪ್ರಿಯ,1
320,ಸನ್ನದು,0
321,happy,1
322,ಅವಸರದ,0
323,ಬರಿದು,0
324,ಉಕ್ಕು,0
325,easy,1
326,ಸಾಂಗತ್ಯ,1
327,ದುಃಖಿತ,0
328,ಪಕ್ವವಾದ,1
329,ದುಃಖದ,0
330,ನಷ್ಟ,0
331,ಒಂಟಿತನ,0
332,ಸಾಲಗಳನ್ನು,0
333,ಹೆಚ್ಚಿನ,0
334,ಸುಪ್ರಸಿದ್ಧ,1
335,ಸದಾಚಾರ,1
336,ಬಿರುಗಾಳಿಯ,0
337,ಹಗೆತನದ,0
338,inappropriate,0
339,ಮಾರಕ,0
340,ಮುಷ್ಟಿ,0
341,ವಧೆ,0
342,ಸಭ್ಯ,1
343,ಸತ್ಯವಾದ,1
344,ಉಲ್ಲಂಘನೆ,0
345,ಬಿಸಿ,1
346,ಪವಾಡದ,1
347,modern,1
348,ಕುಖ್ಯಾತಿ,0
349,ಸುಸಂಬದ್ಧ,1
350,concerned,0
351,ಧಾರೆ,0
352,ಸಮರ್ಥವಾಗಿ,1
353,ಮೆಚ್ಚುಗೆ,1
354,ಕಥಾವಸ್ತು,0
355,ವ್ಯಕ್ತಿಗಳ,1
356,ಖಿನ್ನತೆ,0
357,ಉದ್ವಿಗ್ನ,0
358,ಪ್ರಚಾರ,0
359,ಒತ್ತಡ,0
360,ಅಂಜು,0
361,ಮೂಲಭೂತ,0
362,ಇಟ್ಟಿದ್ದು,0
363,ಚಿಂದಿ,0
364,ವಿಮರ್ಶಾತ್ಮಕ,0
365,ಅಲಂಕಾರಿಕ,1
366,ರಕ್ಷಕ,1
367,ಮನರಂಜನೆಯನ್ನು,1
368,ಸಮೃದ್ಧವಾಗಿ,1
369,ಅಸಂಬದ್ಧ,0
370,success,1
371,ಸಂಪ್ರದಾಯವಾದಿ,0
372,ವಿರೋಧವಾಗಿ,0
373,ಅತಿಮುಖ್ಯ,1
374,ಭ್ರಮೆಗಳು,0
375,ಅಪರಾಧದ,0
376,friendly,1
377,ಆಳವಾದ,0
378,ಸುವ್ಯವಸ್ಥಿತ,1
379,ನೆಲ,1
380,ಬೂಮ್,1
381,ನಿಧನದ,0
382,ನಿರಾಕರಿಸಿ,0
383,ಅನುಪಯುಕ್ತ,0
384,ವಾದವಿವಾದ,0
385,ಮುಳುಗಿದ,0
386,ವಿಶ್ವಾಸ,1
387,ಆಪತ್ತಿನ,0
388,ಅನುಕೂಲ,1
389,ಸದ್ಗುಣ,1
390,ತನ್ಮೂಲಕ,0
391,ಕರಾರು,1
392,ಉಪಯುಕ್ತತೆ,1
393,ಮನರಂಜಿಸುವ,1
394,ಅಲ್ಪ,0
395,ಆಹ್ಲಾದಕರ,1
396,ಗೆಲ್ಲಲು,1
397,ಸ್ವಚ್ಛತೆ,1
398,ಚುಚ್ಚುವ,0
399,ಕುಸಿತ,0
400,supports,1
401,ಆವರಿಸಿರುವ,0
402,ಸಂತೋಷ,1
403,ತುರ್ತು,0
404,ಅಗತ್ಯವಿಲ್ಲದ,0
405,ಆಧ್ಯಾತ್ಮಿಕ,1
406,ಒತ್ತಿ,0
407,ಪ್ರಗತಿಗಳು,1
408,ಬಳಿ,0
409,ಸಾಹಸಿ,1
410,ಕಳೆ,0
411,ಅಂದವಾದ,1
412,ಸಮಸ್ಯೆಯನ್ನು,0
413,ಆಕ್ರಮಣ,0
414,ಮಿಡಿ,0
415,ಮಬ್ಬು,0
416,ಹಗರಣ,0
417,warning,0
418,ನ್ಯಾಯವಾಗಿ,1
419,problem,0
420,ತಿಳಿ,1
421,ದಬ್ಬಾಳಿಕೆಯಿಂದ,0
422,ನಿರ್ಣಯಕ್ಕೆ,0
423,ಫಲವಂತಿಕೆ,1
424,led,1
425,ಏದುಸಿರು,0
426,ಮಾದರಿ,1
427,backward,0
428,ಸಂದಿಗ್ಧತೆ,0
429,ಸರ್ವಾಧಿಕಾರಿ,0
430,ಅನುಕೂಲಕರವಾಗಿ,1
431,ವ್ಯಾಪಕ,1
432,ಕ್ಷುಲ್ಲಕ,0
433,ನೂಕು,0
434,ಅಧಿಕ,0
435,falls,0
436,ಕಲುಷಿತ,0
437,ಪ್ರತಿಸ್ಪರ್ಧಿ,0
438,ಪ್ರಕಾಶಕ,1
439,ಲೂಟಿ,0
440,ವರ್ಣರಂಜಿತ,1
441,ಜಡವಾದ,0
442,ಹಾಸ್ಯದ,1
443,ನಿರ್ಜನ,0
444,ಆಕ್ರಮಣದ,0
445,ವಂಚಕ,0
446,ಕೊಲೆ,0
447,ನಿಸ್ಸಂದಿಗ್ಧವಾಗಿ,1
448,ಭಾರಿ,1
449,ನಿಗೂಢವಾಗಿ,0
450,issues,0
451,ಪ್ರಿಯವಾದ,1
452,ಕ್ರೂರ,0
453,fall,0
454,ದೋಷ,0
455,ಔದಾರ್ಯ,1
456,ಕೆಚ್ಚು,1
457,ಅಪಸರಣ,0
458,ಶಾಂತಿ,1
459,ಅತಿಯಾದ,0
460,helped,1
461,nonsense,0
462,ಅರ್ಹತೆ,1
463,ಮಳಿಗೆಗಳು,0
464,ಪಕ್ಷಪಾತ,0
465,ನುಣುಪಾದ,1
466,ಸಂರಕ್ಷಕ,1
467,bad,0
468,ಅಪವಾದದ,1
469,ಗಂಡುಗಲಿ,1
470,helping,1
471,ನೆಮ್ಮದಿಯಿಂದ,1
472,ತಂತ್ರಗಳು,0
473,ಪುರಾಣ,0
474,ಗುಲಾಬಿ,1
475,ಕಠೋರ,0
476,ಬಸ್ಟ್,0
477,ಫಲದಾಯಕ,1
478,benefit,1
479,ತಾಳುವ,1
480,ರುಚಿಯಾದ,1
481,ಅಚ್ಚುಮೆಚ್ಚಿನ,1
482,ಹದಗೆಟ್ಟ,0
483,ನರಕ,0
484,ಮುನ್ನಡೆ,1
485,ಬೆಡಗು,1
486,ಪೌರಾಣಿಕ,1
487,ತಣ್ಣಗಿರುವ,0
488,progress,1
489,ಕಾಡು,0
490,ಮಾರಕವಾಗಿ,0
491,ಭಾವಚಿತ್ರ,0
492,ಪೋಷಕ,1
493,master,1
494,ಗಾಯಗಳು,0
495,ನಿರಾಕರಿಸಲಾಗಿದೆ,0
496,ಸುಗಮ,1
497,ಸವಾಲು,0
498,ಅನುಮತಿ,1
499,ಬಿಕ್ಕಟ್ಟು,0
500,ಪ್ರತಿಭಟಿಸಿ,0
501,ಸ್ಪಂದಿಸುವ,1
502,damage,0
503,ಹಿಂಸೆಗೆ,0
504,ಫಲಭರಿತ,1
505,ಮೂಲಾಧಾರವಾಗಿದೆ,1
506,ನಿರಾಶೆಯನ್ನು,0
507,ದೊರಕುವ,1
508,trapped,0
509,ಮಿತಿ,0
510,ಬಾಗುವ,1
511,ಹೆದರುವ,0
512,ಬರ್ಬರ,0
513,ಅಪಾದನೆ,0
514,ಕಲ್ಪಿಸುವುದು,0
515,ವಿನಯ,1
516,ಅಸಂತುಷ್ಟ,0
517,ಮುರಿಯಿತು,0
518,ಟಾಕಿ,0
519,ಕಳೆದ,0
520,ಅನಿಯಮಿತ,0
521,ಶೂರ,1
522,ಮಂತ್ರವಿದ್ಯೆ,1
523,ದಾಳಿ,0
524,ಥಟ್ಟನೆ,0
525,ಪ್ರಕಾಶ,1
526,ಪ್ರಜ್ವಲಿಸುವ,1
527,ಗೊಬ್ಬರ,0
528,died,0
529,ನಮಸ್ಕಾರ,1
530,ಸಂದು,0
531,ತ್ರಾಸದಾಯಕ,0
532,ಸತ್ತುಹೋದ,0
533,ಧೂಮಪಾನ,0
534,ರೂಢಿಗತ,0
535,ಅಡ್ಡಿ,0
536,ರಾಕಿ,0
537,ಮಾರ್ಗದರ್ಶನ,1
538,ಬಹಿರಂಗ,1
539,ಕೂರುವ,0
540,ಪರಿಹಾರ,1
541,ಭರಿತ,0
542,ಉಚ್ಚಾಟನೆ,0
543,ಅಸಮರ್ಥತೆ,0
544,ಭೂತ,0
545,ನರ,0
546,ಪರಾಕ್ರಮ,1
547,ವಿವಾದಾಸ್ಪದ,0
548,ತಪ್ಪು,0
549,ಜುಗುಪ್ಸೆ,0
550,ಆಧುನಿಕ,1
551,wrong,0
552,capable,1
553,ಕಟು,0
554,ಸದ್ದಿಲ್ಲದ,1
555,ಚಾಂಪಿಯನ್,1
556,ಅಸಮರ್ಪಕ,0
557,ಸುಳ್ಳಿನ,0
558,hoax,0
559,ದಪ್ಪಗಿನ,0
560,ಮಹಾನ್,1
561,ಅಸಮ,0
562,ಕೋಲಾಹಲ,0
563,ಚಿನ್ನ,1
564,ದಬ್ಬಾಳಿಕೆಯ,0
565,ಭಂಗ,0
566,ಮಾಡುವೆ,1
567,ಭ್ರಮೆಯ,0
568,ವಿನಾಯಿತಿಯನ್ನು,1
569,fair,1
570,ನಿಯಮ,0
571,ಸ್ವರ್ಗ,1
572,ಧ್ವಂಸ,0
573,ದಿಗಿಲು,0
574,ಅಜ್ಞಾನ,0
575,ಇಷ್ಟಪಡಲಿಲ್ಲ,0
576,false,0
577,ತಿರಸ್ಕಾರ,0
578,ನಿರ್ಣಾಯಕ,1
579,ಪರಿಣಾಮ,1
580,ಪರಿಣಾಮಕಾರಿ,1
581,ಅಸಮತೆ,0
582,ವಿಚಿತ್ರ,0
583,ಸ್ಪರ್ಧಾತ್ಮಕ,1
584,ಸಬಲ,0
585,ಕಲ್ಲಿನ,0
586,ಗೌರವಾರ್ಹ,1
587,rail,0
588,ಕೆರಳಿದ,0
589,ತಂಡದ,0
590,ಬದಲಾಯಿಸಲಾಗದ,0
591,ಕೃತಿಗಳು,1
592,ಪ್ರತಿಮೆ,1
593,ಆರೋಗ್ಯಕರ,1
594,ಉಪದ್ರವವನ್ನು,0
595,ಒತ್ತಡಗಳಿಗೆ,0
596,ಗಾಬರಿ,0
597,ಮಹತ್ವದ,1
598,ಕ್ಷಮೆ,1
599,ಕುಶಲತೆಯ,1
600,ಅನುಮಾನಾಸ್ಪದವಾಗಿ,0
601,ಕರಗುವಿಕೆ,0
602,ಉರಿಯುವಿಕೆ,0
603,problems,0
604,ಗ್ರಹಿಸುವ,1
605,ಉದಾರವಾದ,1
606,ಜೆಪರ್ಡಿ,0
607,ಕೋಪ,0
608,ಕೌಶಲದಿಂದ,1
609,ಏರಿದ್ದು,0
610,ಯೋಗ್ಯ,1
611,killed,0
612,ಊತ,0
613,ತಡೆಯುವ,0
614,ಅನುಭವಿಸಿತು,1
615,ನಿರಾಶಾವಾದದ,0
616,ಆಳವಿಲ್ಲದ,0
617,ಬಾಲಿಶ,0
618,ಉತ್ಸಾಹಭರಿತ,0
619,ಆಕರ್ಷಕವಾದ,1
620,lost,0
621,ಅನಿವಾರ್ಯವಾಗಿ,0
622,better,1
623,ಬಿಕ್ಕಟ್ಟಿನ,0
624,ಗುದ್ದು,0
625,ಉತ್ಸಾಹಿ,1
626,ಗ್ಲಿಚ್,0
627,ರಾಶಿ,0
628,ಅಪಾಯಕರ,0
629,ದಾಸ,0
630,ಯೌವನದ,1
631,ಅವಸರ,0
632,ವಿಶಾಲವಾಗಿ,1
633,unknown,0
634,ಲಂಪಟ,0
635,ಪ್ರಕ್ಷುಬ್ಧ,0
636,ಲಾವಣ್ಯ,1
637,ದಯೆ,1
638,ಅಗಾಧವಾಗಿ,0
639,ಅನುಪಸ್ಥಿತಿ,0
640,ನಾಜೂಕಿಲ್ಲದ,0
641,ಬಲವಾದ,1
642,ಮೆಚ್ಚಿಗೆ,1
643,ವಿಶೇಷವಾಗಿ,1
644,ಬರ್ನ್,0
645,ಭರವಸೆಗಳು,1
646,ಕಾನೂನುಬಾಹಿರವಾಗಿ,0
647,ಕಲಹ,0
648,ದಬ್ಬಾಳಿಕೆ,0
649,ಸಮೃದ್ಧಿ,1
650,ವಿರಳ,0
651,ಅನಾವಶ್ಯಕ,0
652,ಮಿತವ್ಯಯ,1
653,ಮಿಠಾಯಿ,0
654,ಕಾಂತಿ,1
655,ಬೆಣೆ,0
656,ಒಂದಲ್ಲ,1
657,ಶತ್ರುವಿನ,0
658,ಕಹಿಯಾದ,0
659,ಕ್ರಿಮಿನಲ್,0
660,ಎದುರಾಳಿ,0
661,ಬಡತನ,0
662,ನಿರರ್ಥಕ,0
663,ಆದರ್ಶಪ್ರಾಯವಾದ,1
664,ಪ್ರತಿಭಟನೆ,0
665,ಬಲ,1
666,ಅತ್ಯುತ್ತಮವಾಗಿ,1
667,ಸೊಬಗು,1
668,ದಪ್ಪನಾದ,0
669,ಕೆಳಗಿನ,0
670,ಚತುರತೆಯಿಂದ,1
671,ಕಲೆ,0
672,right,1
673,ಮುದ್ದು,1
674,ದುಷ್ಟ,0
675,ಹಿತ,1
676,ಡ್ರ್ಯಾಗ್,0
677,ಮೊಂಡ,0
678,ರೋಗದ,1
679,concern,0
680,ವಸ್ತು,0
681,ಹಾಕು,0
682,ಅಪರಾಧ,0
683,ನವೋದಯ,1
684,ದಟ್ಟವಾಗಿ,0
685,ತಿರಸ್ಕರಿಸಿದಳು,0
686,ಹರಿಸುತ್ತವೆ,0
687,ಅನುಚಿತವಾಗಿ,0
688,ಗಡೀಪಾರು,0
689,ಅಭಾವ,0
690,ಮನೋಹರವಾಗಿ,1
691,ಪ್ರಾಪಂಚಿಕ,0
692,ಬಲಿಪಶು,0
693,ಮಂಕು,0
694,ಮಾನ್ಯತೆ,1
695,ಜವಾಬ್ದಾರಿ,0
696,ವಿಶ್ವಾಸಾರ್ಹವಾಗಿ,1
697,ಭ್ರಮೆ,0
698,ಮುಟ್ಟದ,0
699,significant,1
700,ಶ್ರಮ,0
701,ಆಶ್ರಯ,0
702,ದಕ್ಷತೆ,1
703,ಕ್ಷಮಿಸಿ,0
704,ಹಿಂಚಲನೆ,0
705,ಬಿಗಿತ,0
706,ಕಟ್,0
707,ದತ್ತಿ,1
708,ನಂಬುವಂತೆ,1
709,ಮರುಹುಟ್ಟು,1
710,ಕಳವು,0
711,ಒಡೆಯ,1
712,ಓದಬಹುದಾದ,1
713,ವಿಮರ್ಶಕ,0
714,ಪ್ರಗತಿಪರ,1
715,ವಿಭಾಗಗಳು,1
716,ಬಂಡಾಯ,0
717,ಅಲಭ್ಯ,0
718,ಕುಡುಕ,0
719,ವಿಹಂಗಮ,1
720,ಕುರುಹು,0
721,ಬಂದರುಗಳು,0
722,ಪ್ರಾಮಾಣಿಕತೆ,1
723,ಕಳವಳ,0
724,ಸ್ವತಂತ್ರವಾಗಿ,1
725,ದುರಂತ,0
726,ಮುಳ್ಳಿನ,0
727,negative,0
728,ಅಪಾಯಗಳನ್ನು,0
729,ಅರ್ಹ,1
730,ಪೂರ್ತಿ,0
731,ಕೂಡಲೆ,1
732,ಸಿಹಿಯಾದ,1
733,ನಿಗ್ರಹ,0
734,ಕುಣಿತ,0
735,ನಿಧಾನವಾದ,0
736,ಅಂಗವಿಕಲ,0
737,attack,0
738,ಮನಮುಟ್ಟುವ,1
739,ಪಿಶಾಚಿ,0
740,ಅವಸ್ಥೆ,0
741,ಕದಿಯುವ,0
742,ಪರೋಪಜೀವಿ,0
743,ಗೌರವದಿಂದ,1
744,ಪ್ರಶಾಂತ,1
745,ಪ್ರಸಿದ್ಧಿ,1
746,ಯಶಸ್ಸಿನ,1
747,ಚಾಕು,0
748,ವಿಫಲವಾದ,0
749,ಅಸಾಧಾರಣವಾಗಿ,0
750,ಬಹಿಷ್ಕಾರ,0
751,ಸುರಕ್ಷಿತವಾಗಿ,1
752,ರೊಚ್ಚು,0
753,ಮಿತಿಗಳನ್ನು,0
754,ನೋವಿನ,0
755,ಉಜ್ವಲ,0
756,ಗಡಿಪಾರು,0
757,ಅಪಾಯಕಾರಿ,0
758,ಗುಲಾಮಗಿರಿ,0
759,ಕಾರ್ಯತತ್ಪರತೆ,1
760,ಹುಡಿ,0
761,ಪೂರ್ವಗ್ರಹಗಳು,0
762,ನಿಷ್ಕ್ರಿಯತೆ,0
763,ಸೋರಿಕೆ,0
764,ಬಾಗದ,0
765,ಸಂಶಯ,0
766,ನ್ಯಾಯಸಮ್ಮತವಾಗಿ,1
767,ನಿರ್ದಯ,0
768,ಗಾಢವಾಗಿ,1
769,ಹುಳಿ,0
770,ಸಿಡುಕಿನ,0
771,ಪ್ರತಿಬಂಧಕ,0
772,ದುರ್ಭರ,0
773,ಸಮಸ್ಯೆಗಳು,0
774,ಸಿನಿಕತೆ,0
775,ದಾನಿ,1
776,ಸಾಧನೆ,1
777,poor,0
778,ಆಕಸ್ಮಿಕ,0
779,ಚರ್ಚಾಸ್ಪದ,0
780,ಪತನದ,0
781,ದಯೆಯಿಂದ,1
782,ಸಾಕಷ್ಟಿಲ್ಲದ,0
783,ನಾಶಮಾಡುತ್ತದೆ,0
784,ಆಶಾವಾದ,1
785,ಶಾಶ್ವತ,1
786,ಸಹಿಸುವ,0
787,ಸಾಗಿದರು,0
788,ಬೆನ್ನು,0
789,ಏಕತಾನತೆಯ,0
790,ಯಾತನೆ,0
791,ಸ್ವಾರ್ಥದ,0
792,ಲಾಭಾಂಶವನ್ನು,1
793,ಅಂಧಕಾರ,0
794,ಹಿಂಸೆಯ,0
795,ಒಣ,0
796,ಸಹಕಾರಿ,1
797,ಆವಿಯಾಗುವ,0
798,ಬಲವಂತದ,0
799,complex,0
800,ನುರಿತ,1
801,ಹಿಮ್ಮೊಗ,0
802,ಅಸಾಮರ್ಥ್ಯ,0
803,ಕೆಟ್ಟದಾದ,0
804,ಹಗರಣಗಳ,0
805,ಗಮನಾರ್ಹವಾಗಿ,1
806,ಕದಡಿದ,0
807,ಬಾವು,0
808,ಮುನ್ಸೂಚನೆ,0
809,ಉತ್ಸಾಹಪೂರ್ಣ,0
810,ಹೆಸರುವಾಸಿ,1
811,ಶುದ್ದ,1
812,ನಿರ್ಬಂಧಿತ,0
813,ಚಂಚಲ,0
814,ಪಾರ್ಶ್ವವಾಯು,0
815,ಪ್ರಸಿದ್ಧವಾದ,1
816,ಉದಾರ,1
817,ಅಸಹಕಾರ,0
818,ಚಂಡಮಾರುತ,0
819,ಮಿಶ್ರಿತ,0
820,ಅದ್ದೂರಿಯಾಗಿ,1
821,ಮುದ್ದಾದ,1
822,ಬಡವ,0
823,ಅಡ್ಡಿಯಾಯಿತು,0
824,ನಿಷ್ಕ್ರಿಯ,0
825,ಸಂಘರ್ಷದ,0
826,ಚೂಪಾದ,1
827,ತಿರಸ್ಕರಿಸುವ,0
828,ಬದಲಾವಣೆ,1
829,ಅಗ್ಗದಲ್ಲಿ,0
830,ಅಂತಹ,1
831,ಹುಲುಸಾಗಿ,0
832,ಆಶಾದಾಯಕ,1
833,ವಿಜೇತ,1
834,ಅಸಂಭಾವ್ಯ,1
835,ವಿಷಪೂರಿತ,0
836,ಕ್ರಾಂತಿಕಾರಿ,1
837,ಶತ್ರು,0
838,ಅಪರಾಧಿ,0
839,ಕಠಿಣವಾದ,0
840,ಮಹತ್ವವುಳ್ಳ,1
841,ಪಾಳುಬಿದ್ದ,0
842,ಪ್ರಾಮುಖ್ಯ,0
843,ಸತ್ಯವಾಗಿ,1
844,dead,0
845,ಭ್ರಷ್ಟಾಚಾರ,0
846,ಭಯಾನಕ,0
847,ಬದುಕುಳಿದ,1
848,ಬಿರುಸು,0
849,infringement,0
850,ಹರಳು,1
851,ಅಡಚಣೆಗಳು,0
852,ಜಡ,0
853,ಸುಲಭವಾದ,1
854,love,1
855,ಗದ್ದಲ,0
856,ರೂಪವನ್ನು,0
857,ನಾಜೂಕಾದ,1
858,ಉಪಯೋಗದ,1
859,ಸಮಗ್ರವಾಗಿ,0
860,ಸಾವು,0
861,conflicts,0
862,ಅಸಂಬದ್ಧವಾದ,0
863,ದುಷ್ಕೃತ್ಯಗಳ,0
864,ನಮ್ಯತೆ,1
865,ಪತನ,0
866,ಬೇಲಿ,0
867,ಕುಖ್ಯಾತ,0
868,opposition,0
869,ಸಂಕುಚಿತ,0
870,ಕುಳ್ಳ,0
871,ಅನಕ್ಷರಸ್ಥ,0
872,speedy,1
873,ಈಡಾದ,0
874,favorite,1
875,ಧನಾತ್ಮಕ,1
876,ಘರ್ಷಣೆಗಳು,0
877,ಅಭಿವೃದ್ದಿ,1
878,ಪುನರ್ರಚನೆ,1
879,ಅಪಕ್ವ,0
880,ಸುಲಭದಲ್ಲಿ,1
881,ತಗ್ಗಿಸುವಂತೆ,0
882,ಘನ,1
883,ಅನಾಸಕ್ತಿ,0
884,ನಿವಾರಣೆ,0
885,conflict,0
886,ಅನುಸರಣೆ,1
887,ಉಳಿಕೆ,0
888,ready,1
889,ಮನಸ್ಥಿತಿ,1
890,ಅವ್ಯವಸ್ಥೆ,0
891,ವಿದಳನ,0
892,ಆವಿಯಾಗುವಿಕೆ,0
893,ಪ್ರಾಧಾನ್ಯತೆ,1
894,free,1
895,ಬುದ್ಧಿವಿಕಲ್ಪದ,0
896,ಶ್ರದ್ಧೆಯಿಂದ,1
897,ವಿಧಿಸಲು,0
898,ವಿನಾಶದ,0
899,ಕ್ರೂರವಾಗಿ,0
900,ರಾಕ್ಷಸ,0
901,ಕಡಿಮೆ,0
902,ಗಟ್ಟಿ,1
903,ನಿಷ್ಪಕ್ಷಪಾತವಾದ,1
904,ಅನುಪಮ,0
905,ತ್ಯಾಗ,0
906,ಒಡತಿ,0
907,ಮುಳುಗು,0
908,ಸೇಡು,0
909,ಈಡಾಗುತ್ತವೆ,0
910,ಪ್ರಭಾವಶಾಲಿ,1
911,ಚೆಲುವಾದ,1
912,ಹಿಂಸಾಚಾರ,0
913,ಪಕ್ಷಪಾತಿ,0
914,ಹಿಂಸಾತ್ಮಕವಾಗಿ,0
915,ಲಕ್ಷಣಗಳು,0
916,ಹುರುಪಿನ,1
917,ಮುಜುಗರದ,0
918,ವ್ಯಸನಿ,0
919,ಸಾಮರಸ್ಯ,1
920,ಸೂಪರ್,1
921,awarded,1
922,encourage,1
923,ಒದ್ದೆಯಾದ,0
924,ನೋವು,0
925,ಅಮಾಯಕ,1
926,ಬಂಜರು,0
927,ಕೊಟ್ಟಿಗೆ,0
928,ಭಯಂಕರವಾಗಿ,0
929,ಪರಿಪೂರ್ಣ,1
930,ಸಂಬಂಧಿಸಿದಂತೆ,1
931,ಕಲ್ಪಿಸುವ,1
932,ಭಿನ್ನತೆಗಳು,0
933,ಯಶಸ್ವಿಯಾದರು,1
934,ಯಥೇಚ್ಛ,1
935,ಹಾಸ್ಯ,1
936,ಸಾಂದ್ರ,1
937,ಚೂರಿ,0
938,ಸೋಲು,1
939,revert,0
940,ದುರ್ಬಲತೆ,0
941,ಗೋಚರ,1
942,ಕೈಗೆಟಕುವ,1
943,ರಕ್ಷಿಸಲು,1
944,ಪುರಸ್ಕಾರಗಳನ್ನು,1
945,ಸ್ವಾಗತ,1
946,ಸಂನ್ಯಾಸ,0
947,ಕುಂದು,0
948,ಪ್ರಯತ್ನಿಸುವ,1
949,ಸ್ಮಾರಕ,1
950,ಪ್ರಹಸನ,0
951,ಅಸಂಬದ್ಧತೆಯ,0
952,ಪ್ರಯಾಸಕರ,0
953,ಕುಸಿಯುತ್ತಿರುವ,0
954,ನ್ಯೂನತೆಗಳು,0
955,ಜ್ವರ,0
956,ಆಕರ್ಷಕವಾಗಿ,1
957,ಬೆರಗು,1
958,ದೃಢ,0
959,ಬಾರಿ,0
960,ಮೂರ್ತಿ,1
961,ಪ್ರತಿಭಾವಂತ,1
962,ಸಿಡಿಯುವ,0
963,ನಿರಾಸೆ,0
964,supported,1
965,ತಪ್ಪುಗಳನ್ನು,0
966,ವಂಚನೆ,0
967,ಚಿನ್ನದ,1
968,ಮೇಧಾವಿ,1
969,ಹೆದರುತ್ತಿದ್ದರು,0
970,ವಿವಾದ,0
971,ಕಾಯಿಲೆ,0
972,ಬೆಚ್ಚಗೆ,1
973,ಪ್ರತಿಕೂಲವಾದ,0
974,ಸುಡುವ,0
975,endorsement,1
976,ಬಹಳ,0
977,ಬಲಾತ್ಕಾರ,0
978,ಹುಸಿ,0
979,ಉಪವಾಸ,0
980,ಆಮಿಷ,0
981,ಹಳೆಯ,0
982,ನಂಜು,0
983,ಅನ್ಯಾಯವನ್ನು,0
984,ಅದ್ದೂರಿ,1
985,ಉನ್ಮಾದ,0
986,ತನ್ನನು,0
987,ಭಾವಪೂರ್ಣ,1
988,ತಡೆಯಲು,0
989,ಹಸಿವು,0
990,ಅಪ್ಪಳಿಕೆ,0
991,ಆಸ್ಥಾನದ,1
992,ಪ್ರತಿಭಟಿಸಿದರು,0
993,ನಿಧಾನವಾಗಿ,0
994,ತೆವಳುವ,0
995,ಮಿತವಾದ,0
996,ಯಾದೃಚ್ಛಿಕವಾಗಿ,0
997,ಅರ್ಥಗರ್ಭಿತವಾದ,1
998,ಏರಿಸುವುದು,1
999,ನರಭಕ್ಷಕ,0
1000,ಉಸಿರು,1
1001,ಕೌತುಕ,1
1002,ಪರಿಪಕ್ವತೆ,1
1003,ಭಿನ್ನತೆ,1
1004,ಕುಡಿದು,0
1005,ಅದೃಶ್ಯ,0
1006,ದಂಗೆ,0
1007,ಅರಳು,1
1008,ಉರಿ,0
1009,ನಕಾರಾತ್ಮಕ,0
1010,ಬದ್ಧತೆ,1
1011,ತಕರಾರು,0
1012,ಪ್ರಾಮಾಣಿಕವಾಗಿ,1
1013,ಆಕ್ರಮಣಕಾರಿಯಾಗಿ,0
1014,ಅವಶ್ಯ,0
1015,ರೂ,0
1016,ಎಳೆಯುವುದು,1
1017,ಅಸಮರ್ಥ,0
1018,ಆರೋಪ,0
1019,ಬೆನ್ನುಮೂಳೆ,1
1020,ಸುಪ್ತ,0
1021,ಪಾತ್ರಗಳ,1
1022,ಉದ್ರಿಕ್ತ,0
1023,ಸಂಪ್ರದಾಯಬದ್ಧವಲ್ಲದ,0
1024,ಹುಟ್ಟಿಸಿದ,0
1025,ವಂಶ,0
1026,limit,0
1027,ಅತಿಸೂಕ್ಷ್ಮ,0
1028,ಕೆಟ್ಟ,0
1029,ಕಳೆದು,0
1030,ಚುರುಕಾದ,1
1031,ಸಹಾನುಭೂತಿಯ,1
1032,ಮಾಸ್ಟರ್ಸ್,1
1033,ಫ್ಯಾಸಿಸಮ್,0
1034,ಸಾಯುತ್ತಿರುವ,0
1035,ಕನ್ಯೆ,0
1036,ಹಳ್ಳಿಗಾಡಿನ,1
1037,ಜನಪ್ರಿಯ,1
1038,ಅನಿಯಂತ್ರಿತ,0
1039,ನಾಮಮಾತ್ರದ,0
1040,ಕಡಿತ,0
1041,ಶಮನ,1
1042,ಕಾಲ,0
1043,ಒಲವು,1
1044,ಕಳಂಕ,0
1045,ಸಮಗ್ರ,0
1046,ಅಪನಂಬಿಕೆ,0
1047,ತಲೆಕೆಳಗು,0
1048,ಆಸಕ್ತಿ,0
1049,ಅಕ್ರಮವಾಗಿ,0
1050,ಪ್ರತಿಧ್ವನಿಸುವ,1
1051,ಅಜಾಗರೂಕ,0
1052,terror,0
1053,protection,1
1054,ಸಾಯುವಾಗ,0
1055,ಮಹತ್ತರವಾಗಿ,1
1056,ಅಣಕದ,0
1057,ಸರಳ,1
1058,ಅಪರಿಚಿತ,0
1059,ಉಗ್ರ,0
1060,ಕುಶಲ,1
1061,ಕಡ್ಡಾಯ,0
1062,ಅನುಭವಿಸಿದ,0
1063,invalid,0
1064,ಬಲಶಾಲಿಯಾದ,1
1065,ಜಾಲರಿ,0
1066,ಅನ್ಯಾಯವಾಗಿ,0
1067,ನಿಲ್ಲಿಸಲಾಯಿತು,0
1068,ಗ್ರಹಿಸಬಲ್ಲ,1
1069,peace,1
1070,ಬಲೆ,0
1071,ಜಾಗರೂಕ,0
1072,like,1
1073,ಏಳಿಗೆ,1
1074,ಆಹಾರ,1
1075,ಮಂತ್ರ,1
1076,ಆರ್ಥಿಕ,1
1077,appropriate,1
1078,ಅಸಮರ್ಪಕವಾಗಿ,0
1079,ಮೆದುವಾದ,1
1080,ಉತ್ತೇಜನ,1
1081,ಭ್ರಾಮಕ,0
1082,broken,0
1083,ಮುದ್ರೆ,1
1084,ಉಪಯುಕ್ತ,1
1085,ಅಭಿನಂದನಾ,1
1086,ಸೂಕ್ತ,1
1087,ಸಡಿಲ,0
1088,ದರೋಡೆಕೋರ,0
1089,ಘನವಾದ,1
1090,ಗುರುತರ,0
1091,ಹವಾಗುಣ,0
1092,ಅಲೆಮಾರಿ,0
1093,ಕುರುಡು,0
1094,ನಕಲಿ,0
1095,ಎದುರಾಳಿಗಳು,0
1096,ಎಚ್ಚರಿಕೆಯ,0
1097,ಹೊಸದಾದ,1
1098,ಅಭಿನಂದನೆಗಳು,1
1099,humor,1
1100,ವಿದ್ಯಾವಂತ,1
1101,ಅನಾಯಾಸವಾಗಿ,1
1102,ಹೆದರಿಕೆ,0
1103,ಖಂಡಿಸಿತು,0
1104,ಕರಾರುವಾಕ್ಕಾಗಿ,1
1105,ರಂಗುರಂಗಿನ,0
1106,ಕಲ್ಪನಾತ್ಮಕ,1
1107,ಡೆಸ್ಟಿನಿ,1
1108,ಶಾಸನ,0
1109,clear,1
1110,ಸ್ಫೋಟಕ,0
1111,ಸ್ವಚ್ಛಂದ,0
1112,ಸಮರ್ಥನೆಯ,1
1113,ತಿರಸ್ಕರಿಸಿದ,0
1114,ಖಚಿತ,1
1115,ಸಾಲ,0
1116,ಹಚ್ಚು,0
1117,ಆಕರ್ಷಣೆಯನ್ನು,1
1118,ವಿಫಲತೆಗಳು,0
1119,ಅಣಕು,0
1120,ನಾಚಿಕೆ,0
1121,ಬೆಳಗುವ,1
1122,ಕಲ್ಪಿತ,1
1123,ಅನುಕೂಲಕರವಾಗಿತ್ತು,1
1124,ಗಡಿ,0
1125,ಅಳತೆಮೀರಿದ,0
1126,ಹಕ್ಕು,1
1127,ಇಷ್ಟವಾಯಿತು,1
1128,ಅನುಮಾನದ,0
1129,controversial,0
1130,ದಿಣ್ಣೆ,1
1131,ನಿರ್ದಯಿ,0
1132,ಕುಸಿದ,0
1133,ಭರ್ಜರಿಯಾಗಿ,1
1134,ಸಾಯಿಸುವ,0
1135,ಜವಾಬ್ದಾರಿಯನ್ನು,1
1136,ಒಡ್ಡೊಡ್ಡಾದ,0
1137,ತಿರಸ್ಕರಿಸಿದರೂ,0
1138,ಅದ್ಭುತ,1
1139,ಬರಗಾಲ,0
1140,ನಿರ್ದಯವಾದ,0
1141,ಖಿನ್ನತೆಗೆ,0
1142,ಭರವಸೆ,1
1143,ಭವ್ಯ,1
1144,ಏಕಾಂಗಿತನ,0
1145,ಬಿಸಿಯಾದ,1
1146,ಪ್ರಶಂಸೆ,1
1147,ಬೃಹತ್,0
1148,enhance,1
1149,ಕೊಳಕು,0
1150,ಪರಿಮಳಯುಕ್ತ,1
1151,successful,1
1152,ಬೆದರಿಸುವ,0
1153,ರಹಸ್ಯ,0
1154,ಬೆರೆಯುವ,1
1155,ವಿಷಾದ,0
1156,ಹರ್ಷ,1
1157,ಪ್ರೀತಿ,1
1158,ತಡವಾದ,0
1159,ಕುಸಿಯಲು,0
1160,ಒಡಂಬಡಿಕೆಯನ್ನು,1
1161,ಅಮೂಲ್ಯ,1
1162,ವಿಫಲವಾದರೆ,0
1163,ಲಾಭದ,1
1164,ಬಡ,0
1165,ಆಪಾದನೆ,0
1166,ಸವೆತ,0
1167,ಕಳ್ಳತನ,0
1168,ಪ್ರತಿಭಾಪೂರ್ಣ,1
1169,ಪ್ರಣಯ,1
1170,ಪಿತೂರಿ,0
1171,ಟಾಪ್,1
1172,ಆಲಸ್ಯ,0
1173,enough,1
1174,ಬೆದರಿಕೆ,0
1175,ಮಾನ್ಯತೆಗೆ,1
1176,ಪರಿಣಾಮಕಾರಿತ್ವ,1
1177,ಖ್ಯಾತ,1
1178,ಚಂದ,1
1179,ಪರಿಶ್ರಮದ,0
1180,ಉತ್ಸವ,1
1181,ಸತ್ತ,0
1182,sufficient,1
1183,ದೃಶ್ಯ,1
1184,ವಿಭಜನೆಯಾಗಿ,0
1185,good,1
1186,ಅನುಚಿತ,0
1187,ಸಂತ,1
1188,ತಟ್ಟೆ,0
1189,ಫ್ರಾಸ್ಟ್,0
1190,ಮರಿಗಳು,0
1191,ನೆಚ್ಚಿನ,1
1192,ಸೊಗಸಾದ,1
1193,ಹೆಮ್ಮೆ,1
1194,ತಿರಸ್ಕರಿಸಿ,0
1195,sin,0
1196,ಶಬ್ದಗಳಿಂದ,0
1197,ಆಳವಲ್ಲದ,0
1198,ಕುಗ್ಗಿಸುತ್ತವೆ,0
1199,ಅಭಿಮಾನಿ,1
1200,ಬಲಿತ,1
1201,ಹಬ್ಬದ,1
1202,ಪಂಚ್,0
1203,ಮುಳುಗಡೆ,0
1204,ಒಪ್ಪಬಹುದಾದ,1
1205,ಅನುಮಾನ,0
1206,ಪ್ರತಿಭೆಯುಳ್ಳ,0
1207,ಹಣದುಬ್ಬರದ,0
1208,ಗಳಿಸುವುದು,1
1209,ಒಲವಿನ,1
1210,ಕೊಳೆ,0
1211,work,1
1212,ದುರಂತಕ್ಕೆ,0
1213,ಖಾಲಿ,0
1214,ಶಿಖರ,1
1215,ಬಳಲಿಕೆ,0
1216,ತಾತ್ಕಾಲಿಕವಾಗಿ,0
1217,ಪ್ರತಿಷ್ಟಿತ,1
1218,ಸಾಮರ್ಥ್ಯ,1
1219,ಪೂರಕವಾಗಿದೆ,1
1220,well,1
1221,ಅಲ್ಲಗಳೆದ,0
1222,ದಕ್ಷ,1
1223,ಸುಲಭವಾಗಿ,1
1224,ರಕ್ತಸ್ರಾವ,0
1225,ಸಾಮ್ರಾಜ್ಯಶಾಹಿ,0
1226,ಒಲ್ಲದ,0
1227,ವಿರುದ್ಧ,0
1228,ಸಾಮಾಜಿಕ,1
1229,ಕಷ್ಟದ,1
1230,ಅಸ್ವಸ್ಥ,0
1231,ಅದ್ಭುತವಾಗಿ,1
1232,ಅಗೌರವ,0
1233,properly,1
1234,ನ್ಯಾಯವಾದ,1
1235,ನ್ಯೂನತೆಯೆಂದರೆ,0
1236,dedicated,1
1237,ಸಹಾಯ,1
1238,ಅಸ್ವಾಭಾವಿಕ,0
1239,ದು,0
1240,ಅಸಮಾಧಾನ,0
1241,ಶಿಫಾರಸುಗಳನ್ನು,1
1242,ಸಂಸಾರ,0
1243,ಪ್ಯಾನ್,0
1244,ಸುಧಾರಿತ,1
1245,ನಿರಾಶಾವಾದ,0
1246,ವಿಪತ್ತುಗಳು,0
1247,ಲಭ್ಯವಿರುವ,1
1248,ಉರಿತ,0
1249,ಆಕರ್ಷಣೆ,1
1250,ನಿಜವಾಗಿ,1
1251,ವರ್ಧನೆಯು,1
1252,ವಿರೋಧದ,0
1253,ಹರ್ಷದಿಂದ,1
1254,ನಿರ್ಲಕ್ಷ್ಯ,0
1255,ವ್ಯತಿರಿಕ್ತ,0
1256,ತಪ್ಪಿತಸ್ಥ,0
1257,ಪುನಃಸ್ಥಾಪಿಸಲು,1
1258,ಮಿತಿಮೀರಿ,1
1259,ಕಸ,0
1260,ಪ್ರತಿಫಲ,1
1261,ಸುಡುವುದು,0
1262,ಎಬ್ಬಿಸುವ,1
1263,ನಿಮಿತ್ತ,1
1264,ವಿಷಕಾರಿ,0
1265,ನಿಪುಣ,1
1266,ವಿಶ್ವಾಸಘಾತುಕ,0
1267,ಹಿರಿಮೆ,1
1268,ಮಾರಿ,0
1269,ಜನಾಂಗಗಳು,0
1270,ದಿನ್,0
1271,ವಿವಾದಿತ,0
1272,ಸೂಕ್ಷ್ಮ,1
1273,ನೆಪ,0
1274,ಧೂಳು,0
1275,ಆದ್ಯತೆ,1
1276,ಸುಂಕ,0
1277,ಕಾಳಜಿ,0
1278,ಭಯವನ್ನು,0
1279,ಬೇನೆ,0
1280,ಏಕತೆ,1
1281,ನಾಕ್ಷತ್ರಿಕ,1
1282,ದಾಟಿದರೆ,1
1283,ಕಲಿಕೆ,0
1284,ಬಹಿಷ್ಕೃತ,0
1285,ಉಪದ್ರವ,0
1286,ಹೆಚ್ಚುಗಾರಿಕೆ,1
1287,ಫಲವತ್ತಾದ,1
1288,ಕಡಿ,0
1289,ದಿವಾಳಿಯಾದ,0
1290,ಶಾಂತ,1
1291,ಸ್ಥಾನ,0
1292,ಮೃದುವಾಗಿ,1
1293,ವಿನಾಶಕರ,0
1294,ರೋಗಲಕ್ಷಣ,0
1295,ಸರಾಗವಾಗಿ,1
1296,ಕಾಯಿಲೆಯ,0
1297,ಬಲೆಗೆ,0
1298,correct,1
1299,ವರ್ಧಿಸಲು,1
1300,ನಿರಂಕುಶ,0
1301,ಮಿತವ್ಯಯದ,1
1302,ಸಾಧನೆಗಳು,1
1303,ಅಡಗಿಸು,0
1304,ಮೇಘ,0
1305,ಮಹಾಪುರುಷ,1
1306,ಹೃತ್ಪೂರ್ವಕವಾಗಿ,1
1307,ಸಾಹಸ,1
1308,ಕಾಡಿನ,0
1309,ಘೋರವಾದ,0
1310,ವರ್ಣನೆ,1
1311,ಪುನರಾವರ್ತಿತ,0
1312,ನೆಗಡಿ,0
1313,ಬಳಲುತ್ತಿರುವ,0
1314,ತಿಟ್ಟು,1
1315,ಕಳಪೆಯಾದ,0
1316,ಅಚಲವಾದ,1
1317,ಉತ್ಪತ್ತಿಯಾಗಿ,1
1318,ಶಾಂತಿಯುತವಾಗಿ,1
1319,split,0
1320,ತುರಿಕೆ,0
1321,ನಿಷ್ಫಲ,0
1322,ವಾದವನ್ನು,0
1323,ಜಾಮ್,0
1324,ವಾಸನೆ,0
1325,ರಾಜತಾಂತ್ರಿಕ,1
1326,risk,0
1327,ಬಿಚ್ಚು,0
1328,winning,1
1329,ಸಿಡಿಗುಂಡು,0
1330,ಬೆಂಬಲ,1
1331,limited,0
1332,object,0
1333,ಸಮಷ್ಟಿ,0
1334,ಕತ್ತಲೆ,0
1335,ಮುರಿದು,0
1336,solid,1
1337,ಅರಾಜಕತೆ,0
1338,ದೃಢವಾದ,1
1339,ಉಳಿದಿರುವುದು,1
1340,critical,0
1341,ನಿರ್ಬಂಧದ,0
1342,ಆತ್ಮಸಾಕ್ಷಿಯ,1
1343,ತಂತ್ರ,0
1344,ಸಂಬಂಧ,1
1345,ವಿಡಂಬನಾತ್ಮಕವಾಗಿ,0
1346,ಹಾಳಾದ,0
1347,ವಿರೋಧಿ,0
1348,ವಿರೋಧ,0
1349,ಕೆಲಸ,1
1350,ಅಸಹಾಯಕತೆ,0
1351,ಅಪಾರ,1
1352,ಒಂಟಿಯಾಗಿರುವ,0
1353,ಜಾಣ್ಮೆ,1
1354,ಜಯಶಾಲಿ,1
1355,ಸೂಳೆ,0
1356,ಸ್ಫೂರ್ತಿ,1
1357,ಭದ್ರತೆಗೆ,1
1358,ನಿರಾಶೆಯ,0
1359,ವಿಮರ್ಶಕರು,0
1360,ಮಾರ್ಗ,0
1361,ವಂದನೆ,1
1362,ಅನುಕಂಪ,0
1363,ಮಹತ್ವಾಕಾಂಕ್ಷೆಯ,1
1364,ತಪ್ಪಿದ,0
1365,ಗೌರವಿಸುವ,1
1366,ನಿಧಿ,1
1367,ನೆಲದ,0
1368,ಸಂಘರ್ಷ,0
1369,ವಿಜ್ಞಾನ,0
1370,ಸುಸಂಸ್ಕೃತ,1
1371,ತಡೆಯುವಿಕೆ,0
1372,ಆಸಕ್ತಿಗಳು,1
1373,ನಿಚ್ಚಳ,1
1374,ತಪ್ಪಾಗಿ,0
1375,ಹಂಬಲ,0
1376,ಅನನುಕೂಲ,0
1377,ಹೊಳೆ,1
1378,ಅಗಾಧವಾದ,1
1379,ಛಿದ್ರ,0
1380,ನ್ಯೂನತೆ,0
1381,ಗೆಲುವಿನ,1
1382,ಉಜ್ವಲವಾದ,1
1383,ರಹಸ್ಯವಾದ,0
1384,ಕಂಪು,1
1385,ಸಹಕಾರದ,1
1386,ತೆರಿಗೆ,0
1387,ಒರಟಾದ,0
1388,soft,1
1389,ಮನಃಸ್ಥಿತಿ,1
1390,ನಿಖರವಲ್ಲದ,0
1391,ಸತ್ಕಾರ,1
1392,ಚರ್ಮ,0
1393,ಭರವಸೆಗಳನ್ನು,1
1394,ಅಹಿತಕರ,0
1395,ಸಮಂಜಸವಾಗಿ,1
1396,ಹೊಗೆ,0
1397,ಆನಂದಿಸಿ,1
1398,ಹತಾಶ,0
1399,ಪರಿಶ್ರಮ,1
1400,ತೆಳ್ಳನೆಯ,0
1401,ಅಸ್ಥಿರವಾದ,0
1402,ಅನಿರ್ದಿಷ್ಟ,0
1403,ಉತ್ಸಾಹದಿಂದ,1
1404,ತಿಕ್ಕಾಟ,0
1405,ಅಪಖ್ಯಾತಿ,0
1406,ಮಾರ್ಪಡಿಸಲಾಗದ,0
1407,ಪಿಡುಗು,0
1408,ಅನುಕೂಲಗಳು,1
1409,ಸ್ವಾತಂತ್ರ್ಯಗಳನ್ನು,1
1410,ಜನಪ್ರಿಯವಲ್ಲದ,0
1411,ತಬ್ಬಲಿ,0
1412,ಸೌಂದರ್ಯ,1
1413,ಶಕ್ತಿಯುತ,1
1414,winners,1
1415,ಯಶಸ್ವಿಯಾದ,1
1416,ನಿರಾಕರಿಸುವ,0
1417,ರೋಗಿ,1
1418,ಧನ್ಯವಾದ,1
1419,ಎಳೆಯುತ್ತದೆ,0
1420,ಧೂಳಿನ,0
1421,ಅನಿವಾರ್ಯ,0
1422,ಆಹ್ಲಾದಕರವಾದ,1
1423,ಬರಡು,0
1424,ಪಾಪಿ,0
1425,ಯಾದೃಚ್ಛಿಕ,0
1426,ವಾಸನೆಯ,0
1427,ಚಿತ್ರಹಿಂಸೆ,0
1428,ಗುಲಾಮ,0
1429,award,1
1430,ನಿಷ್ಠುರವಾಗಿ,0
1431,ಅವಮಾನಕರ,0
1432,ಆಘಾತಕಾರಿ,0
1433,ಹಾಗೆ,1
1434,ಇಚ್ಛಿಸುವ,1
1435,ರಕ್ತಮಯ,0
1436,ಅನುಯಾಯಿ,1
1437,clearly,1
1438,ಬುದ್ಧಿವಂತ,1
1439,ಸರಿಸಮನಾಗಿ,1
1440,ಹತ್ಯೆಗೆ,0
1441,ಗತಿಸಿದ,0
1442,ಮಣಿಯದ,0
1443,ಅಂದವಾಗಿ,1
1444,ನಿರಾಕರಣೆಗಳು,0
1445,ವಾಪಸು,0
1446,ವ್ಯಂಗ್ಯ,0
1447,ಹಗೆ,0
1448,ಅಪಹಾಸ್ಯ,0
1449,ಅಗ್ಗದ,1
1450,ಮನರಂಜನೆ,1
1451,ಪ್ರಾಧಾನ್ಯ,1
1452,ಗಣ್ಯರು,1
1453,ಅಪವಿತ್ರ,0
1454,ಟೊಳ್ಳಾದ,0
1455,ಸಹಜ,1
1456,faith,1
1457,ಉದಾತ್ತ,1
1458,ನಿರಂಕುಶಾಧಿಕಾರಿ,0
1459,ಹೊಡೆದಾಟ,0
1460,ಕ್ರೌರ್ಯ,0
1461,ನೆಮ್ಮದಿ,1
1462,ಬೂಟಾಟಿಕೆಯ,0
1463,ಗೌರವಿಸಿತು,1
1464,ತಿರಸ್ಕರಿಸುತ್ತಾನೆ,0
1465,ಸುಲಭ,1
1466,ಕುರುಹುಗಳು,0
1467,ಅಕ್ರಮ,0
1468,ಅನ್ಯಾಯ,0
1469,ಟಾಪ್ಸ್,1
1470,ಅನಾಗರಿಕ,0
1471,ಅಮಿತ,1
1472,ವಿನಾಶಕಾರಿ,0
1473,ವಿಸ್ಮಯ,1
1474,ಅಭಿನಂದನೆ,1
1475,ಏಕಾಂತ,0
1476,ಹೆಮ್ಮೆಯ,1
1477,ಋಣಾತ್ಮಕ,0
1478,ಅಪೂರ್ಣವಾದ,0
1479,ಆಮೂಲಾಗ್ರವಾಗಿ,0
1480,breaks,0
1481,ಸಿಟ್ಟಿಗೆದ್ದ,0
1482,ತಡೆ,0
1483,ನಗುತ್ತಿರುವ,1
1484,ಸುಭದ್ರತೆ,1
1485,ಬಳಸಬಲ್ಲ,1
1486,ಸ್ಟಂಪ್,0
1487,ಫನ್ನಿ,0
1488,ವಂಚಿತ,0
1489,ಒತ್ತೆಯಾಳು,0
1490,ಗಲಭೆ,0
1491,ಗುಣ,0
1492,ಜಾಣ,1
1493,ಕುತೂಹಲಕಾರಿ,1
1494,ಆನಂದ,1
1495,ಆಯ್ಕೆಮಾಡುವ,1
1496,ಪರಿಹಾರಕ,1
1497,best,1
1498,ಅಡ್ಡಿಪಡಿಸುವ,0
1499,ಬಿರುಗಾಳಿ,0
1500,ಅಸ್ಥಿರ,0
1501,ಕೂಗು,0
1502,ಉದಾರತೆ,1
1503,ಪೂರ್ಣವಾಗಿ,0
1504,ಸುಂದರವಾಗಿ,1
1505,ಗುಹೆ,0
1506,ಗಂಡಾಂತರ,0
1507,ತಗ್ಗು,0
1508,ಹೊಳಪು,1
1509,ಪರಾಭವ,0
1510,ಕುಂಡ,0
1511,ಫಕ್,0
1512,ಹುರಿದ,0
1513,ಹಿತ್ತಾಳೆಯ,0
1514,ಪ್ರಬಲ,1
1515,ಬಹುಮಾನ,1
1516,ಅಸಂಭವ,0
1517,ಬಡಿದ,0
1518,ದೃಢವಾಗಿ,1
1519,ಅವಮಾನ,0
1520,ನಿರುದ್ಯೋಗದ,0
1521,ವಿವಾದಾತ್ಮಕ,0
1522,ಅಸಮಂಜಸ,0
1523,ಬೆಟ್,0
1524,ನಿಕಟ,1
1525,ಸಾಕಷ್ಟು,1
1526,ನಿರಾಕರಣೆ,0
1527,ನಂಬಿಕೆ,1
1528,ನರಕದ,0
1529,ತಡೆಯಾಗಿ,0
1530,ಧರ್ಮನಿಷ್ಠ,1
1531,ವಿಫಲನಾದ,0
1532,ತಾರ್ಕಿಕ,1
1533,ಸೆರೆಯಾಳುಗಳು,1
1534,ಗಡುಸಾದ,0
1535,ಕುಟುಕು,0
1536,ಜಾಣತನದಿಂದ,1
1537,worth,1
1538,ಗೌರವ,1
1539,ಕತ್ತಿ,0
1540,ಅನುಕೂಲತೆ,1
1541,ಪ್ರಿಯತಮ,1
1542,ಸಂಪಾದನೆ,1
1543,ಅದಕ್ಷ,0
1544,ತುಂತುರು,0
1545,ತೆಳ್ಳಗೆ,1
1546,ಮಲವಿಸರ್ಜನೆ,0
1547,ಗಂಟಲು,0
1548,ಖಂಡಿಸಿದರು,0
1549,ಅಸಭ್ಯ,0
1550,ವಿಷಣ್ಣತೆ,0
1551,ಒಪ್ಪಿ,1
1552,ಆದರ್ಶಪ್ರಾಯ,1
1553,ಕೆಳದರ್ಜೆಯ,0
1554,ವಿಷದ,0
1555,ಆರಾಮದಾಯಕ,1
1556,ಓರೆಯಾದ,0
1557,ಪಾಂಡಿತ್ಯ,1
1558,ಹಾಳು,0
1559,ಅಸಾಧ್ಯವಾಗಿ,0
1560,ವಿಲಕ್ಷಣ,0
1561,ಅಶ್ವದಳದ,1
1562,ಪವಿತ್ರವಾದ,1
1563,ತಾರುಣ್ಯದ,1
1564,ಅಗಾಧ,0
1565,ಸಮರ್ಥ,1
1566,famous,1
1567,ಧಾರ್ಮಿಕ,1
1568,ತೃಪ್ತಿಕರ,1
1569,support,1
1570,ಸ್ಥಿತಿಯಲ್ಲಿರುವ,0
1571,ಹಾನಿಕಾರಕ,0
1572,ನಿರಾಶೆ,0
1573,ದಮನ,0
1574,ಸಂಪದ್ಭರಿತ,1
1575,ಸೂತ್ರದ,0
1576,ದೃಢತೆಯನ್ನು,0
1577,ಪ್ರಖ್ಯಾತಿ,1
1578,ಕೊಡಲಿ,0
1579,ಸರಿಪಡಿಸುವಿಕೆ,1
1580,ಉರಿಯುತ್ತಿರುವ,1
1581,ತಡವಾಗಿ,0
1582,ಅಲೆದಾಡುವ,0
1583,ಪ್ರವರ್ಧಮಾನಕ್ಕೆ,1
1584,ಆಕಾಂಕ್ಷೆಗಳನ್ನು,1
1585,ವಿಕಿರಣ,0
1586,recommended,1
1587,ಕಾಲಜ್ಞಾನದ,0
1588,ಆಯಾಸ,0
1589,ವಿಚಿತ್ರವಾಗಿ,0
1590,ಮಂದಗತಿಯ,0
1591,ಮಮತೆ,1
1592,ಮಿಂಚು,1
1593,ಸಾಧ್ಯವಾಗುವುದಿಲ್ಲ,0
1594,ರಿಯಾಯಿತಿಗಳನ್ನು,0
1595,ಯೋಗ್ಯತೆ,1
1596,ತುಂಬಿದ,0
1597,ಅಕಾಲಿಕ,0
1598,ಸ್ವಾಮ್ಯದ,0
1599,errors,0
1600,ಜರ್ಜರಿತ,0
1601,ಅವನತಿಗೆ,0
1602,ದೌರ್ಬಲ್ಯಗಳನ್ನು,0
1603,ತಪ್ಪಾದ,0
1604,ಅಚ್ಚುಕಟ್ಟಾದ,1
1605,ತಣ್ಣಗಿನ,0
1606,ಗಲಭೆಯ,0
1607,ಲಕ್ಷಣ,0
1608,ಅಸ್ಪಷ್ಟತೆ,0
1609,ಕಚ್ಚುವಿಕೆ,0
1610,ಕಡಿಮೆಯಾದ,0
1611,ಚರ್ಮದ,0
1612,useful,1
1613,ತಿಳಿಯದ,0
1614,ಆರಾಮವಾಗಿ,1
1615,ತತ್ವಗಳು,1
1616,ಬೆಲೆಯ,1
1617,ಕಪಟ,0
1618,ವಿಗ್ರಹ,1
1619,ಮಹೋನ್ನತ,1
1620,ಸ್ಪಷ್ಟ,1
1621,ಅಸಹನೆಯ,0
1622,ಅಭಿಮಾನಿಗಳು,1
1623,ಅವಿಶ್ವಾಸ,0
1624,ಪ್ರಯಾಸ,0
1625,ನಾರು,0
1626,ಪೆಟ್ಟು,1
1627,ಅತ್ಯುತ್ಕೃಷ್ಟ,1
1628,ವಿಕೃತ,0
1629,ಪದಗಳು,0
1630,ಅಸಮತೋಲನ,0
1631,ಪ್ರತ್ಯೇಕವಾಗಿರುವ,0
1632,ತಾಜಾ,1
1633,ಕಾರ್ಯಸಾಧ್ಯ,1
1634,ಲಾಭ,1
1635,clean,1
1636,ಉತ್ಕೃಷ್ಟ,1
1637,improper,0
1638,ಧೂಪದ್ರವ್ಯ,0
1639,ಪದಗಳನ್ನು,1
1640,nonexistent,0
1641,ಹೆಸರಾಗಿದೆ,0
1642,ನಿಷ್ಪಕ್ಷಪಾತ,1
1643,leading,1
1644,ಚುಚ್ಚು,0
1645,ಪಾಪ,0
1646,ಧೂಮ,0
1647,ಕಂಪಿಸುವ,0
1648,ಸ್ವಾತಂತ್ರ್ಯ,1
1649,ವ್ಯಂಗ್ಯಚಿತ್ರ,0
1650,ಡಿಕ್,0
1651,ರಾಡಿಕಲ್,0
1652,ಉತ್ತಮವಾಗಿ,1
1653,ಬಿದ್ದ,0
1654,ಮರುಪಾವತಿ,1
1655,ಕಿರಿಕಿರಿ,0
1656,ಸಾಕು,1
1657,ಸ್ವತ೦ತ್ರ,1
1658,ಪ್ರಾಮಾಣಿಕ,1
1659,ಫಾಲ್ಸ್,0
1660,ವಿದೇಶೀಯ,0
1661,ಮಂದ,0
1662,ವಿರೋಧಿಸುವುದು,0
1663,ಭ್ರಮೆಯು,0
1664,ಬಿರುಸಿನ,0
1665,ಉಪಾಯ,0
1666,ಮುಗಿಯದ,0
1667,ಎದುರಾಳಿಯ,0
1668,ಯುದ್ಧದ,0
1669,ಭಯೋತ್ಪಾದನೆ,0
1670,ಕಾರಣವಾಯಿತು,1
1671,ತಿರಸ್ಕರಿಸಲು,0
1672,ಉದಾರವಾಗಿ,1
1673,ಜ್ಞಾನ,1
1674,ಇಕ್ಕಟ್ಟಾದ,0
1675,ಸರಳವಾದ,1
1676,ಸಾಗರದಿಂದ,0
1677,ಬಾವಿ,1
1678,ಗಾಯ,0
1679,ಧನಾತ್ಮಕವಾಗಿ,1
1680,ಜಗಳಗಳು,0
1681,ಮಾಧುರ್ಯ,1
1682,lead,1
1683,ನಿಗೂಢ,0
1684,ಅಗ್ಗವಾದ,1
1685,ಇಲ್ಲದ,0
1686,ಪ್ರತಿಭೆ,1
1687,ನಂಬಲರ್ಹ,1
1688,ಲೌಕಿಕ,0
1689,ವಕ್ರ,0
1690,ವಿಷ,0
1691,ಅತ್ಯಾಚಾರ,0
1692,ಹಂದಿ,0
1693,ಯುಕ್ತವಾದ,1
1694,ಪುರಾತನ,0
1695,ಮಂಜೂರಾತಿ,1
1696,ಅಪರಾಧಗಳು,0
1697,ತಕ್ಕ,1
1698,ಜಿಜ್ಞಾಸೆ,1
1699,ಸಾಟಿಯಿಲ್ಲದ,1
1700,ಸಹಾಯವಿಲ್ಲದೆ,0
1701,ಸಡಿಲವಾದ,0
1702,ಆಶಾವಾದದ,1
1703,ಆಕರ್ಷಿಸುತ್ತವೆ,1
1704,ಸುಲಿದ,0
1705,ಭವ್ಯವಾದ,1
1706,ಮಾರ್ಗದರ್ಶಕ,1
1707,ನಿರ್ವಿವಾದ,1
1708,ಶಾಪ,0
1709,ಅನುಕೂಲಕರ,1
1710,ಜಟಿಲ,1
1711,ಬೆಂಬಲಿಸುವ,1
1712,ಗೆಲುವುಗಳು,1
1713,ಸಮಾಪ್ತಿ,1
1714,ಟ್ಯಾಂಕ್,0
1715,ತಮಾಷೆಯ,1
1716,ಪ್ರತಿಭಟನಾಕಾರರು,0
1717,ಟ್ರಸ್ಟ್,1
1718,ಮುರಿತ,0
1719,ಮೂರ್ಖ,0
1720,ಜಯ,1
1721,ಮೂರ್ಖತನ,1
1722,ಕೊಲೆಗಾರ,0
1723,ಶಿಷ್ಟಾಚಾರಕ್ಕೆ,1
1724,ಸಮಾಧಾನಕರ,1
1725,ಸಿಡಿ,0
1726,ಮೂಡಿ,0
1727,ತಳ್ಳು,0
1728,ಹಾದಿ,0
1729,ಮನ್ನಣೆ,1
1730,ಆತ್ಮಹತ್ಯೆ,0
1731,ಇಲ್ಲದಿರುವುದು,0
1732,ಸಮಸ್ಯೆಗಳನ್ನು,0
1733,ತೆಗೆ,0
1734,ಅಳಲು,0
1735,ನಿರಾಧಾರ,0
1736,ಕಟ್ಟುನಿಟ್ಟಾದ,0
1737,ಮೆತ್ತೆ,1
1738,ಸಾಂತ್ವನ,1
1739,ಗೆಲುವು,1
1740,hot,1
1741,ದಾರಿ,1
1742,ವಿಫಲತೆ,0
1743,ಆಧಾರ,1
1744,ಜಗಳ,0
1745,ಆಲಂಕಾರಿಕ,0
1746,ಅಸಮರ್ಪಕವಾದ,0
1747,ಗ್ರಹಣ,0
1748,ದ್ವೇಷ,0
1749,ಅನುಕೂಲಕ್ಕಾಗಿ,1
1750,ವಿಜಯ,1
1751,ಅವ್ಯವಸ್ಥಿತವಾಗಿ,0
1752,ವ್ಯಂಗ್ಯವಾಗಿ,0
1753,ಎದುರಿಗೆ,0
1754,ಸುಟ್ಟು,0
1755,ನಿಷ್ಠುರ,0
1756,ವಾಸ್ತವಿಕವಾದ,0
1757,ಕಾವ್ಯಾತ್ಮಕ,1
1758,ಟ್ರಂಪ್,1
1759,ತುಂಡು,0
1760,ಶೋಷಣೆ,0
1761,ಆತಂಕದ,0
1762,ಇಷ್ಟವಾಗಲಿಲ್ಲ,0
1763,won,1
1764,ಕಾನೂನು,0
1765,ವಾಂತಿ,0
1766,ಹಿನ್ನಡೆ,0
1767,ಉತ್ಸಾಹ,1
1768,ಬಾಗಿದ,0
1769,ಬಿಡಬಹುದು,0
1770,ಗುಲಾಮರನ್ನು,0
1771,ಕಲೆಗಳನ್ನು,0
1772,ಹರ್ಟ್,0
1773,ಸಮಸ್ಯೆ,0
1774,ಅಪಾಯ,0
1775,ಸಮ್ಮತಿ,1
1776,ಸ್ವಾಯತ್ತ,1
1777,ನ್ಯೂನತೆಗಳನ್ನು,0
1778,ಯಶಸ್ವಿಯಾದರೆ,1
1779,ಹಾಳುಮಾಡುತ್ತದೆ,0
1780,ನಿಷ್ಠೆ,1
1781,ದಾಸ್ಯ,0
1782,ಒಳಗಾಗುತ್ತದೆ,0
1783,ಅನನುಭವಿ,0
1784,ಇಷ್ಟವಿಲ್ಲದ,0
1785,ಸರಿಯಾದ,1
1786,ಸೌಹಾರ್ದಯುತ,1
1787,ತಪ್ಪುಗ್ರಹಿಕೆಯ,0
1788,ಸಿರಿವಂತ,1
1789,ಗೀರು,0
1790,ಉತ್ತೇಜಕ,1
1791,ಲಕ್ಷಣಗಳನ್ನೂ,1
1792,ಆದರ್ಶ,1
1793,ಒಳಗಾಗುವ,0
1794,ವಿಲಕ್ಷಣವಾಗಿ,0
1795,ಅಸ್ವಸ್ಥತೆ,0
1796,ಉತ್ತಮ,1
1797,ಸರಿಯಿಲ್ಲದ,0
1798,ಕ್ರಿಯಾತ್ಮಕ,1
1799,ಹಲ್ಲೆ,0
1800,ವೇಗವಾದ,1
1801,ಅರಿವಿಲ್ಲದ,0
1802,ಪೂರಕವಾಗಿತ್ತು,1
1803,ಮುನಿ,0
1804,ಭಾರವಾದ,0
1805,ಮಿತಿಯಿಲ್ಲದ,1
1806,ಸಮರ್ಪಕ,1
1807,ಸಂವೇದನೆ,1
1808,ಹರಕೆ,1
1809,ಕಷ್ಟಗಳನ್ನು,0
1810,improve,1
1811,popular,1
1812,ಬ೦ದರು,0
1813,ಬರಿದಾದ,0
1814,ಸಂತನ,1
1815,ಸಂಬಂಧಪಟ್ಟ,0
1816,ಯಶಸ್ವಿ,1
1817,ಪರಮಾನಂದ,1
1818,ಮೆಸ್,0
1819,ಉಗ್ರವಾದಿ,0
1820,ಬಂದೀಖಾನೆ,0
1821,ನಿಧಾನದ,0
1822,ಶೌರ್ಯ,1
1823,ಹುರುಪಿನಿಂದ,1
1824,ಸುಧಾರಿಸಲು,1
1825,ಕಂಪನ,0
1826,ಪರಾಕಾಷ್ಠೆ,1
1827,ಬಡಿ,0
1828,ನಟಿಸುವ,0
1829,ಸ್ರಾವಕ,0
1830,ಗುಲಾಮಗಿರಿಗೆ,0
1831,ನಿಶ್ಯಬ್ದ,1
1832,ಬಹಳವಾಗಿ,1
1833,ಪರಿಣತರಾಗಿದ್ದರು,1
1834,wonderful,1
1835,ಹಿತಕರ,1
1836,works,1
1837,ಹಿಡಿ,0
1838,ಸಮರ್ಥಕ,0
1839,ವಿಷಾದಕರ,0
1840,ಅನಧಿಕೃತ,0
1841,ಡಿಸೈರ್,0
1842,ಸಮರ್ಪಿಸಿದ,1
1843,ಸುಂದರ,1
1844,ಪ್ರಶ್ನಾರ್ಥಕ,0
1845,ಶಿಫಾರಸು,1
1846,ಸಂಚು,0
1847,ವಿಶಾಲವಾದ,1
1848,ಮುಗಿಲು,0
1849,ಬಾಯಾರಿಕೆ,0
1850,ಐಡಲ್,0
1851,ಅನೈತಿಕ,0
1852,ಶಕ್ತಿಯುತವಾಗಿ,1
1853,ಬೆದರಿಸಿ,0
1854,ಕಳಪೆ,0
1855,ಸದ್ದು,0
1856,ಸಹಕಾರದಿಂದ,1
1857,ಬಡ್ಡಿ,1
1858,ಶಂಕಿತ,0
1859,ಅಪಮಾನ,0
1860,ತೃಪ್ತಿ,1
1861,ನಾಯಕ,1
1862,ಅತ್ಯಾಕರ್ಷಕ,1
1863,ಹೆದರಿದ,0
1864,ಅಸಡ್ಡೆ,0
1865,ಮೃದುವಾದ,1
1866,malicious,0
1867,ಹಗುರವಾದ,1
1868,ನಿಂಬೆ,0
1869,ಶಿಥಿಲವಾದ,0
1870,ಅನುಮಾನಗಳನ್ನು,0
1871,ಮಾಟ,1
1872,ಯಶಸ್ಸು,1
1873,ಕ್ರಮವಲ್ಲದ,0
1874,ಅತಿಕ್ರಮ,0
1875,ತಯಾರಿಕೆ,0
1876,ಪ್ರಯಾಸದ,0
1877,ಉನ್ನತ,1
1878,ವಿಳಂಬಗಳು,0
1879,ಸರಿಯಲ್ಲದ,0
1880,ವಿರಾಮ,0
1881,ಅಜ್ಞಾತ,0
1882,ಮುಖಾಮುಖಿಯ,0
1883,ಶ್ರೇಷ್ಟ,1
1884,ಕಲ್ಪನೆಯ,0
1885,ಪರಿಷ್ಕರಣ,1
1886,ಕಾರ್ಯ,1
1887,ಬೆಳಗು,1
1888,ವಿಪತ್ತು,0
1889,ಸ್ವಚ್ಛವಾದ,1
1890,ಆಚರಣೆ,1
1891,ಕೊಬ್ಬು,0
1892,ಪೂಜ್ಯ,1
1893,ಅರಾಜಕತಾವಾದ,0
1894,ಅತಿಕ್ರಮಣ,0
1895,ಗುಳ್ಳೆ,0
1896,ಅಗಿ,1
1897,ಪಾಪದ,0
1898,defamatory,0
1899,ಎತ್ತಿಹಿಡಿಯಿತು,1
1900,ಭಾಗ್ಯ,1
1901,ನಗು,1
1902,ಅಧಿಕೃತ,1
1903,ಜಾತ್ರೆ,1
1904,ಕಾಡುತ್ತಿದೆ,0
1905,ವಾಗ್ವಾದ,0
1906,ವಿಳಂಬ,0
1907,ಅದ್ಭುತವಾದ,1
1908,ಬರ,0
1909,ಮನಸ್ಸಿನ,1
1910,ಸಂಕಟ,0
1911,winner,1
1912,strong,1
1913,ಕ್ರಾಂತಿಕಾರಕ,1
1914,ನೆಗೆಯುವ,0
1915,autonomous,1
1916,ಮಂಗಳಕರ,1
1917,ಮುಷ್ಕರ,0
1918,ಸವಿ,1
1919,ಬೆಚ್ಚನೆಯ,1
1920,ಹುಚ್ಚು,0
1921,ಶಿಕ್ಷಾರ್ಹ,0
1922,ಅಸಹನೆ,0
1923,ವರ್ಚಸ್ಸು,1
1924,ತಿರಸ್ಕರಿಸಿದರು,0
1925,ಪತ್ರಿಕೆ,0
1926,ಅಸಾಧಾರಣವಾದ,1
1927,ದಣಿದ,0
1928,ಪವಾಡ,1
1929,ಹೂವು,1
1930,ತಿರುಚಿದ,0
1931,ಮನಃಪೂರ್ವಕವಾಗಿ,1
1932,ನಿಷ್ಕಾಸ,0
1933,ಹೊಣೆಗಾರಿಕೆ,0
1934,ಪ್ರತಿಪಾದಿಸಿದರು,1
1935,ಯಜಮಾನ,1
1936,ತಂಗಾಳಿ,1
1937,ಉತ್ಪಾದಕ,1
1938,ಕಡೆಗಣಿಸುವ,0
1939,ಸಿಕ್ಕು,0
1940,suicide,0
1941,ಕೆರಳಿಕೆ,0
1942,ತಂಪಾದ,1
1943,ದೂರು,0
1944,ಯೋಗ್ಯವಲ್ಲದ,0
1945,ಭಾರ,0
1946,ಕುದಿಯುವ,0
1947,ವಿರಮಿಸುವ,0
1948,ಕೆಲಸದ,1
1949,ತುಕ್ಕು,0
1950,ದುರದೃಷ್ಟ,0
1951,ವಿರಾಮಗಳನ್ನು,0
1952,ವಿಧ,1
1953,ಸಂಪತ್ತು,1
1954,ಕೊಡುಗೆ,1
1955,ಕ್ಷುದ್ರ,0
1956,ಸೌಹಾರ್ದ,1
1957,ಹತ್ಯಾಕಾಂಡ,0
1958,ಯುಕ್ತವಾಗಿ,1
1959,ಆಡುವಾಗ,0
1960,ಸ್ಥೂಲಕಾಯತೆ,0
1961,ವಿವಿಧತೆ,1
1962,issue,0
1963,ಸುಧಾರಣೆಗಳು,1
1964,ಅಸ್ಥಿರತೆ,0
1965,ವ್ಯಭಿಚಾರ,0
1966,ಕಿರುಕುಳ,0
1967,ಸೋಮಾರಿ,0
1968,ಸೌಜನ್ಯದ,1
1969,ಕೊಳೆತ,0
1970,ನಿಸ್ವಾರ್ಥ,1
1971,redundant,0
1972,lack,0
1973,ಅಚ್ಚ,1
1974,refused,0
1975,ಚೆನ್ನಾಗಿ,1
1976,ಕರಾಳ,0
1977,ಬೆಲೆಬಾಳುವ,1
1978,ಕ್ಯಾನ್ಸರ್,0
1979,ಕಟ್ಟುನಿಟ್ಟಾಗಿ,0
1980,ತವಕ,1
1981,ಸುಧಾರಣೆ,1
1982,ಔಷಧಿ,1
1983,ಬಿರುಸಾಗಿ,0
1984,ಹಿಮಪಾತ,0
1985,ಜಾಗರೂಕತೆಯಿಂದ,0
1986,ವಿನಾಶ,0
1987,ನಿಖರವಾಗಿ,1
1988,ಅನ್ಯಾಯದ,0
1989,safely,1
1990,interesting,1
1991,ಲಭ್ಯವಿಲ್ಲ,0
1992,ಸಮೃದ್ಧ,1
1993,ಪ್ರಶಸ್ತಿ,1
1994,ಉತ್ತೇಜಿಸುವ,1
1995,ಹೊಸತನ,1
1996,ಸಹಲಕ್ಷಣಗಳು,0
1997,ಸರಿಯಾಗಿ,1
1998,ವಿಸರ್ಜಿಸುವ,0
1999,ಅವಾಸ್ತವಿಕ,0
2000,ಆಚೆಯ,0
2001,error,0
2002,ಪೂರ್ವಗ್ರಹ,0
2003,ಆಶ್ಚರ್ಯಕರವಾಗಿ,0
2004,ಪರಿಣಾಮಕಾರಿಯಲ್ಲದ,0
2005,ಸುರುಳಿಯಾಕಾರದ,0
2006,ವಿಸ್ತಾರವಾದ,1
2007,ಚತುರ,1
2008,ಅರ್ಥಪೂರ್ಣ,1
2009,ನಿಖರವಾದ,1
2010,ಪ್ರದರ್ಶನಾತ್ಮಕ,1
2011,ಹೊಡೆತ,0
2012,ಧರಿಸುತ್ತಾರೆ,0
2013,ಸರಳೀಕೃತ,0
2014,ನ್,1
2015,ಆತ್ಮಹತ್ಯೆಯ,0
2016,ಪ್ರೀತಿಸುವ,1
2017,ಕೆರಳಿಸಿತು,0
2018,ಅಪ್ಪಳಿಸಿತು,0
2019,ಇನಾಮು,1
2020,ಬುದ್ಧಿ,1
2021,ಆಸೆ,0
2022,ಕುಡಿದ,0
2023,ಪ್ರೀತಿಯ,1
2024,ಅನಾಥ,0
2025,ಬರೆಯುವ,0
2026,ವಿಸರ್ಜನೆಯ,0
2027,ಹತಾಶೆ,0
2028,ತಗ್ಗಿಸಿ,0
2029,ಸಿಕ್ಕಿಬಿದ್ದ,0
2030,ಮರೆಯಲಾಗದ,1
2031,ಶ್ರದ್ಧಾವಂತ,1
2032,top,1
2033,ಒಡಕು,0
2034,ದರಿದ್ರ,0
2035,ಪ್ರಕಾಶಮಾನವಾಗಿ,1
2036,ತಿಳುವಳಿಕೆಯ,1
2037,ಭಂಗಿ,0
2038,ಆಕ್ರಮಣಕಾರ,0
2039,available,1
2040,ಪ್ರಾಬಲ್ಯ,1
2041,ಬೊಬ್ಬೆ,0
2042,ಗಲಾಟೆ,0
2043,ಸುಪರಿಚಿತ,1
2044,ವಿಕಲ,0
2045,ಉಬ್ಬುಗಳು,0
2046,ಜವಾಬ್ದಾರಿಯುತವಾಗಿ,1
2047,slow,0
2048,ಪ್ರವಾಹ,1
2049,ಹಾನಿಕರ,0
2050,ಕೊಲ್ಲು,0
2051,ಬಾಹ್ಯ,0
2052,ಸುಖ,1
2053,ಸ್ಥಿರತೆ,1
2054,ಗೌರವಯುತ,1
2055,ಮಿನುಗು,1
2056,ತುತ್ತತುದಿ,1
2057,ಮುಗಿಸಿದ,0
2058,ಸಹಾಯಧನ,1
2059,ತ್ಯಾಜ್ಯ,0
2060,ಛಾಪು,1
2061,ಬಿರುಕು,0
2062,ಪಶ್ಚಾತ್ತಾಪ,0
2063,ಮರುಭೂಮಿ,0
2064,ದಣಿವು,0
2065,ಅದ್ಭುತಗಳನ್ನು,1
2066,ಅನುಕೂಲವಾದ,1
2067,proper,1
2068,ಅಂತಃಕಲಹ,0
2069,ಯಶಸ್ವಿಯಾಗಿ,1
2070,ಪೂರಕ,1
2071,ಗಮನಾರ್ಹ,1
2072,ಆಶ್ಚರ್ಯ,1
2073,ಕಾಲಮಾನದ,1
2074,ಸಾಹಸದ,1
2075,ಬೆಲೆಯುಳ್ಳ,1
2076,ದಿವ್ಯ,1
2077,ಉಲ್ಲಾಸದ,1
2078,ಔನ್ನತ್ಯ,1
2079,failed,0
2080,ಸರ್ವಾಧಿಕಾರದ,0
2081,ಘನತೆ,1
2082,ಸುಧಾರಿಸುತ್ತದೆ,1
2083,ನಿಷ್ಠಾವಂತ,1
2084,ಕುಸಿತವನ್ನು,0
2085,ದೂರದೃಷ್ಟಿ,1
2086,ತಾರತಮ್ಯದ,0
2087,ಎಡವಿ,0
2088,ಖಂಡನೆ,0
2089,ಅನುದಾನ,1
2090,doubt,0
2091,ವಂಚನೆಯ,0
2092,ಪ್ರಗತಿ,1
2093,ರುಚಿ,1
2094,ಪರಿಣತಿಯನ್ನು,1
2095,ಬಿಡುಗಡೆ,1
2096,ರಕ್ತಪಾತ,0
2097,ಪಡಿಯಚ್ಚು,0
2098,ಪ್ರಚಂಡ,0
2099,ಮೂಕ,0
2100,ದೂಷಣೆ,0
2101,ರತ್ನಗಳು,1
2102,ಪುಡಿ,0
2103,ಬಾಂಬ್,0
2104,ಸ್ಟಾರ್ಕ್,0
2105,ಸುಳ್ಳು,0
2106,ಹತ್ಯೆ,0
2107,ರಚನಾತ್ಮಕ,1
2108,ಉತ್ಕರ್ಷ,1
2109,ಅಸುರಕ್ಷಿತ,0
2110,ಅಸಮ್ಮತಿ,0
2111,ಪ್ರತಿಭೆಯನ್ನು,1
2112,death,0
2113,ದುರಾಚಾರದ,0
2114,ಕಡು,0
2115,ಅನ್ಯಾಯಗಳನ್ನು,0
2116,ಉಲ್ಲಾಸ,1
2117,ಒಳಸಂಚಿನ,0
2118,ಮೂಢನಂಬಿಕೆ,0
2119,ಸಂಕ್ಷಿಪ್ತ,1
2120,ಒಳ್ಳೆಯದೆಂದು,1
2121,ಪ್ರಭಾವಿತರಾದರು,1
2122,ಪರಾಕಾಷ್ಠೆಯನ್ನು,1
2123,ದುರದೃಷ್ಟದ,0
2124,ಉಬ್ಬಿದ,0
2125,ನಯನ,1
2126,ಪ್ರಮಾದ,0
2127,ನಿರಾಕಾರ,0
2128,ಜಾಹಿರಾತು,1
2129,ಅನರ್ಹ,0
2130,ಹಾನಿ,0
2131,ಪಲಾಯನ,0
2132,ಸುರಕ್ಷಿತ,1
2133,ಕೆಳಗಣ,0
2134,ದೆವ್ವ,0
2135,ಸಂಘಟನೆಯಿಂದ,1
2136,ಚರ್ಮವು,0
2137,ನಿರಾಕರಿಸಿದರು,0
2138,ಒತ್ತುವರಿ,0
2139,ಲಾವಣಿ,0
2140,ಚಿತ್ತಾಕರ್ಷಕ,1
2141,ನಾಶ,0
2142,ಅಡ್ಡಿಪಡಿಸುತ್ತದೆ,0
2143,ವಾಸ್ತವಿಕ,1
2144,ತುದಿಗಳು,0
2145,undefined,0
2146,ಕಿಕ್ಕಿರಿದ,0
2147,ರೂಪಿಸಲಾದ,0
2148,ಒಳ್ಳೆಯತನ,1
2149,violation,0
2150,ಪ್ರಶ್ನಾರ್ಹ,0
2151,ಅಸಹ್ಯಕರ,0
2152,ಅಮೂಲ್ಯವಾದ,1
2153,ಒತ್ತಿಹೇಳುವ,0
2154,ಕೊರೆತ,0
2155,ಪ್ರಕಾಶಿಸುವ,1
2156,ಶಿಲ್ಪ,0
2157,ಹೃದಯಸ್ಪರ್ಶಿ,1
2158,ಶಾರ್ಕ್,0
2159,ನಿರ್ವಿವಾದವಾದ,1
2160,ಒಡೆಯನ,0
2161,ಅತಿಶಯವಾದ,0
2162,ಪುಡಿಮಾಡಿದ,0
2163,ಮುಚ್ಚುಮರೆಯಿಲ್ಲದೆ,1
2164,ಪ್ರತಿಷ್ಠಿತ,1
2165,ಅನಗತ್ಯವಾಗಿ,0
2166,ಸಬ್ಸಿಡಿ,1
2167,ರಿಯಾಯಿತಿ,0
2168,ಸಿಟ್ಟು,0
2169,advanced,1
2170,ಋಣ,0
2171,ವದಂತಿಯನ್ನು,0
2172,ಭಯ,0
